ID,experimental_replicate,concentration,  ecuatorial  , polar 
1,1,0, 84.00 , 84.00 
1,1,0, 84.00 , 84.00 
1,1,0, 84.00 , 84.00 
2,1,0, 84.00 , 84.00 
2,1,0, 84.00 , 84.00 
2,1,0, 84.00 , 84.00 
3,1,0, 84.00 , 84.00 
3,1,0, 84.00 , 84.00 
3,1,0, 84.00 , 84.00 
4,1,0, 84.00 , 84.00 
4,1,0, 84.00 , 84.00 
4,1,0, 84.00 , 84.00 
5,1,0, 84.00 , 84.00 
5,1,0, 84.00 , 84.00 
5,1,0, 84.00 , 84.00 
6,1,0, 84.00 , 84.00 
6,1,0, 84.00 , 84.00 
6,1,0, 84.00 , 84.00 
7,1,0, 84.00 , 84.00 
7,1,0, 84.00 , 84.00 
7,1,0, 84.00 , 84.00 
8,1,0, 84.00 , 84.00 
8,1,0, 84.00 , 84.00 
8,1,0, 84.00 , 84.00 
9,1,0, 84.00 , 84.00 
9,1,0, 84.00 , 84.00 
9,1,0, 84.00 , 84.00 
10,1,0, 84.00 , 84.00 
10,1,0, 84.00 , 84.00 
10,1,0, 84.00 , 84.00 
11,1,0, 84.00 , 84.00 
11,1,0, 84.00 , 84.00 
11,1,0, 84.00 , 84.00 
12,1,0, 84.00 , 84.00 
12,1,0, 84.00 , 84.00 
12,1,0, 84.00 , 84.00 
13,1,0, 84.00 , 84.00 
13,1,0, 84.00 , 84.00 
13,1,0, 84.00 , 84.00 
14,1,0, 84.00 , 84.00 
14,1,0, 84.00 , 84.00 
14,1,0, 84.00 , 84.00 
15,1,0, 84.00 , 84.00 
15,1,0, 84.00 , 84.00 
15,1,0, 84.00 , 84.00 
16,1,0, 84.00 , 84.00 
16,1,0, 84.00 , 84.00 
16,1,0, 84.00 , 84.00 
17,1,0, 84.00 , 84.00 
17,1,0, 84.00 , 84.00 
17,1,0, 84.00 , 84.00 
18,1,0, 84.00 , 84.00 
18,1,0, 84.00 , 84.00 
18,1,0, 84.00 , 84.00 
19,1,0, 84.00 , 84.00 
19,1,0, 84.00 , 84.00 
19,1,0, 84.00 , 84.00 
20,1,0, 84.00 , 84.00 
20,1,0, 84.00 , 84.00 
20,1,0, 84.00 , 84.00 
21,1,0, 84.00 , 84.00 
21,1,0, 84.00 , 84.00 
21,1,0, 84.00 , 84.00 
22,1,0, 84.00 , 84.00 
22,1,0, 84.00 , 84.00 
22,1,0, 84.00 , 84.00 
23,1,0, 84.00 , 84.00 
23,1,0, 84.00 , 84.00 
23,1,0, 84.00 , 84.00 
24,1,0, 84.00 , 84.00 
24,1,0, 84.00 , 84.00 
24,1,0, 84.00 , 84.00 
25,1,0, 84.00 , 84.00 
25,1,0, 84.00 , 84.00 
25,1,0, 84.00 , 84.00 
26,1,0, 84.00 , 84.00 
26,1,0, 84.00 , 84.00 
26,1,0, 84.00 , 84.00 
27,1,0, 75.73 , 74.82 
27,1,0, 70.82 , 72.78 
27,1,0, 71.83 , 72.83 
28,1,0, 84.00 , 84.00 
28,1,0, 84.00 , 84.00 
28,1,0, 84.00 , 84.00 
29,1,0, 84.00 , 84.00 
29,1,0, 84.00 , 84.00 
29,1,0, 84.00 , 84.00 
30,1,0, 84.00 , 84.00 
30,1,0, 84.00 , 84.00 
30,1,0, 84.00 , 84.00 
31,1,0, 55.82 , 55.92 
31,1,0, 54.83 , 54.82 
31,1,0, 42.93 , 42.72 
32,1,0, 84.00 , 84.00 
32,1,0, 84.00 , 84.00 
32,1,0, 84.00 , 84.00 
33,1,0, 84.00 , 84.00 
33,1,0, 84.00 , 84.00 
33,1,0, 84.00 , 84.00 
34,1,0, 84.00 , 84.00 
34,1,0, 84.00 , 84.00 
34,1,0, 84.00 , 84.00 
35,1,0, 72.73 , 72.73 
35,1,0, 71.72 , 71.93 
35,1,0, 70.82 , 75.83 
36,1,0, 84.00 , 84.00 
36,1,0, 84.00 , 84.00 
36,1,0, 84.00 , 84.00 
37,1,0, 84.00 , 84.00 
37,1,0, 84.00 , 84.00 
37,1,0, 84.00 , 84.00 
38,1,0, 84.00 , 84.00 
38,1,0, 84.00 , 84.00 
38,1,0, 84.00 , 84.00 
39,1,0, 84.00 , 84.00 
39,1,0, 84.00 , 84.00 
39,1,0, 84.00 , 84.00 
40,1,0, 84.00 , 84.00 
40,1,0, 84.00 , 84.00 
40,1,0, 84.00 , 84.00 
41,1,0, 62.84 , 62.83 
41,1,0, 66.83 , 67.83 
41,1,0, 65.82 , 65.82 
42,1,0, 55.83 , 55.93 
42,1,0, 53.83 , 53.83 
42,1,0, 52.83 , 52.73 
43,1,0, 84.00 , 84.00 
43,1,0, 84.00 , 84.00 
43,1,0, 84.00 , 84.00 
44,1,0, 84.00 , 84.00 
44,1,0, 84.00 , 84.00 
44,1,0, 84.00 , 84.00 
45,1,0, 84.00 , 84.00 
45,1,0, 84.00 , 84.00 
45,1,0, 84.00 , 84.00 
46,1,0, 84.00 , 84.00 
46,1,0, 84.00 , 84.00 
46,1,0, 84.00 , 84.00 
47,1,0, 84.00 , 84.00 
47,1,0, 84.00 , 84.00 
47,1,0, 84.00 , 84.00 
48,1,0, 84.00 , 84.00 
48,1,0, 84.00 , 84.00 
48,1,0, 84.00 , 84.00 
49,1,0, 84.00 , 84.00 
49,1,0, 84.00 , 84.00 
49,1,0, 84.00 , 84.00 
50,1,0, 84.00 , 84.00 
50,1,0, 84.00 , 84.00 
50,1,0, 84.00 , 84.00 
1,1,0.001, 84.00 , 84.00 
1,1,0.001, 84.00 , 84.00 
1,1,0.001, 84.00 , 84.00 
2,1,0.001, 84.00 , 84.00 
2,1,0.001, 84.00 , 84.00 
2,1,0.001, 84.00 , 84.00 
3,1,0.001, 84.00 , 84.00 
3,1,0.001, 84.00 , 84.00 
3,1,0.001, 84.00 , 84.00 
4,1,0.001, 84.00 , 84.00 
4,1,0.001, 84.00 , 84.00 
4,1,0.001, 84.00 , 84.00 
5,1,0.001, 78.72 , 84.00 
5,1,0.001, 84.00 , 81.39 
5,1,0.001, 84.00 , 82.40 
6,1,0.001, 84.00 , 84.00 
6,1,0.001, 84.00 , 84.00 
6,1,0.001, 84.00 , 84.00 
7,1,0.001, 84.00 , 84.00 
7,1,0.001, 84.00 , 84.00 
7,1,0.001, 80.00 , 84.00 
8,1,0.001, 84.00 , 84.00 
8,1,0.001, 84.00 , 84.00 
8,1,0.001, 84.00 , 84.00 
9,1,0.001, 84.00 , 84.00 
9,1,0.001, 84.00 , 84.00 
9,1,0.001, 84.00 , 84.00 
10,1,0.001, 84.00 , 84.00 
10,1,0.001, 84.00 , 84.00 
10,1,0.001, 84.00 , 84.00 
11,1,0.001, 84.00 , 84.00 
11,1,0.001, 84.00 , 84.00 
11,1,0.001, 84.00 , 84.00 
12,1,0.001, 84.00 , 84.00 
12,1,0.001, 84.00 , 84.00 
12,1,0.001, 84.00 , 84.00 
13,1,0.001, 84.00 , 84.00 
13,1,0.001, 84.00 , 84.00 
13,1,0.001, 84.00 , 84.00 
14,1,0.001, 84.00 , 84.00 
14,1,0.001, 84.00 , 84.00 
14,1,0.001, 84.00 , 84.00 
15,1,0.001, 84.00 , 84.00 
15,1,0.001, 84.00 , 84.00 
15,1,0.001, 84.00 , 84.00 
16,1,0.001, 84.00 , 84.00 
16,1,0.001, 84.00 , 84.00 
16,1,0.001, 84.00 , 84.00 
17,1,0.001, 84.00 , 84.00 
17,1,0.001, 84.00 , 84.00 
17,1,0.001, 84.00 , 84.00 
18,1,0.001, 84.00 , 84.00 
18,1,0.001, 84.00 , 84.00 
18,1,0.001, 84.00 , 84.00 
19,1,0.001, 84.00 , 84.00 
19,1,0.001, 84.00 , 84.00 
19,1,0.001, 84.00 , 84.00 
20,1,0.001, 84.00 , 84.00 
20,1,0.001, 84.00 , 84.00 
20,1,0.001, 84.00 , 84.00 
21,1,0.001, 84.00 , 84.00 
21,1,0.001, 84.00 , 84.00 
21,1,0.001, 84.00 , 84.00 
22,1,0.001, 84.00 , 84.00 
22,1,0.001, 84.00 , 84.00 
22,1,0.001, 84.00 , 84.00 
23,1,0.001, 84.00 , 84.00 
23,1,0.001, 84.00 , 84.00 
23,1,0.001, 84.00 , 84.00 
24,1,0.001, 84.00 , 84.00 
24,1,0.001, 78.72 , 85.82 
24,1,0.001, 84.00 , 84.00 
25,1,0.001, 84.00 , 84.00 
25,1,0.001, 84.00 , 84.00 
25,1,0.001, 84.00 , 84.00 
26,1,0.001, 84.00 , 84.00 
26,1,0.001, 84.00 , 84.00 
26,1,0.001, 84.00 , 84.00 
27,1,0.001, 70.73 , 70.72 
27,1,0.001, 70.82 , 70.82 
27,1,0.001, 65.72 , 65.29 
28,1,0.001, 84.00 , 84.00 
28,1,0.001, 84.00 , 84.00 
28,1,0.001, 84.00 , 84.00 
29,1,0.001, 84.00 , 84.00 
29,1,0.001, 84.00 , 82.00 
29,1,0.001, 84.00 , 82.83 
30,1,0.001, 75.82 , 84.00 
30,1,0.001, 75.82 , 73.81 
30,1,0.001, 75.82 , 75.73 
31,1,0.001, 52.83 , 50.82 
31,1,0.001, 50.82 , 45.82 
31,1,0.001, 40.22 , 40.83 
32,1,0.001, 75.82 , 75.82 
32,1,0.001, 75.82 , 70.82 
32,1,0.001, 84.00 , 84.00 
33,1,0.001, 84.00 , 84.00 
33,1,0.001, 84.00 , 84.00 
33,1,0.001, 84.00 , 84.00 
34,1,0.001, 84.00 , 84.00 
34,1,0.001, 84.00 , 84.00 
34,1,0.001, 84.00 , 84.00 
35,1,0.001, 68.30 , 70.13 
35,1,0.001, 68.20 , 74.00 
35,1,0.001, 60.82 , 84.00 
36,1,0.001, 84.00 , 84.00 
36,1,0.001, 84.00 , 84.00 
36,1,0.001, 84.00 , 84.00 
37,1,0.001, 84.00 , 84.00 
37,1,0.001, 84.00 , 84.00 
37,1,0.001, 84.00 , 84.00 
38,1,0.001, 84.00 , 84.00 
38,1,0.001, 84.00 , 84.00 
38,1,0.001, 84.00 , 84.00 
39,1,0.001, 84.00 , 84.00 
39,1,0.001, 84.00 , 84.00 
39,1,0.001, 84.00 , 84.00 
40,1,0.001, 84.00 , 84.00 
40,1,0.001, 84.00 , 84.00 
40,1,0.001, 84.00 , 84.00 
41,1,0.001, 60.83 , 60.23 
41,1,0.001, 60.82 , 70.12 
41,1,0.001, 60.02 , 62.14 
42,1,0.001, 50.16 , 50.91 
42,1,0.001, 53.79 , 46.22 
42,1,0.001, 49.17 , 50.20 
43,1,0.001, 84.00 , 84.00 
43,1,0.001, 84.00 , 84.00 
43,1,0.001, 84.00 , 84.00 
44,1,0.001, 84.00 , 84.00 
44,1,0.001, 84.00 , 84.00 
44,1,0.001, 84.00 , 84.00 
45,1,0.001, 84.00 , 84.00 
45,1,0.001, 84.00 , 84.00 
45,1,0.001, 84.00 , 84.00 
46,1,0.001, 84.00 , 84.00 
46,1,0.001, 84.00 , 84.00 
46,1,0.001, 84.00 , 84.00 
47,1,0.001, 84.00 , 84.00 
47,1,0.001, 84.00 , 84.00 
47,1,0.001, 84.00 , 84.00 
48,1,0.001, 84.00 , 84.00 
48,1,0.001, 84.00 , 84.00 
48,1,0.001, 84.00 , 84.00 
49,1,0.001, 84.00 , 84.00 
49,1,0.001, 84.00 , 84.00 
49,1,0.001, 84.00 , 84.00 
50,1,0.001, 84.00 , 84.00 
50,1,0.001, 80.82 , 81.94 
50,1,0.001, 81.20 , 81.00 
1,1,0.005, 84.00 , 84.00 
1,1,0.005, 84.00 , 84.00 
1,1,0.005, 84.00 , 84.00 
2,1,0.005, 75.82 , 75.82 
2,1,0.005, 84.00 , 81.80 
2,1,0.005, 72.10 , 74.06 
3,1,0.005, 84.00 , 84.00 
3,1,0.005, 84.00 , 84.00 
3,1,0.005, 84.00 , 84.00 
4,1,0.005, 84.00 , 84.00 
4,1,0.005, 84.00 , 84.00 
4,1,0.005, 84.00 , 84.00 
5,1,0.005, 80.82 , 80.82 
5,1,0.005, 80.00 , 80.00 
5,1,0.005, 80.83 , 80.22 
6,1,0.005, 84.00 , 84.00 
6,1,0.005, 84.00 , 84.00 
6,1,0.005, 84.00 , 84.00 
7,1,0.005, 84.00 , 78.45 
7,1,0.005, 83.00 , 83.00 
7,1,0.005, 84.00 , 84.00 
8,1,0.005, 84.00 , 84.00 
8,1,0.005, 84.00 , 84.00 
8,1,0.005, 84.00 , 83.20 
9,1,0.005, 84.00 , 84.00 
9,1,0.005, 84.00 , 84.00 
9,1,0.005, 80.99 , 81.29 
10,1,0.005, 84.00 , 84.00 
10,1,0.005, 84.00 , 84.00 
10,1,0.005, 84.00 , 84.00 
11,1,0.005, 84.00 , 84.00 
11,1,0.005, 84.00 , 84.00 
11,1,0.005, 84.00 , 84.00 
12,1,0.005, 84.00 , 84.00 
12,1,0.005, 84.00 , 84.00 
12,1,0.005, 84.00 , 80.97 
13,1,0.005, 84.00 , 84.00 
13,1,0.005, 84.00 , 84.00 
13,1,0.005, 84.00 , 84.00 
14,1,0.005, 77.83 , 73.84 
14,1,0.005, 74.93 , 78.83 
14,1,0.005, 77.93 , 73.94 
15,1,0.005, 84.00 , 84.00 
15,1,0.005, 84.00 , 84.00 
15,1,0.005, 84.00 , 84.00 
16,1,0.005, 84.00 , 84.00 
16,1,0.005, 84.00 , 84.00 
16,1,0.005, 84.00 , 84.00 
17,1,0.005, 84.00 , 84.00 
17,1,0.005, 84.00 , 84.00 
17,1,0.005, 84.00 , 78.72 
18,1,0.005, 84.00 , 84.00 
18,1,0.005, 84.00 , 84.00 
18,1,0.005, 84.00 , 84.00 
19,1,0.005, 84.00 , 84.00 
19,1,0.005, 84.00 , 84.00 
19,1,0.005, 84.00 , 84.00 
20,1,0.005, 74.84 , 84.00 
20,1,0.005, 81.30 , 84.00 
20,1,0.005, 79.75 , 84.00 
21,1,0.005, 84.00 , 84.00 
21,1,0.005, 84.00 , 84.00 
21,1,0.005, 84.00 , 84.00 
22,1,0.005, 84.00 , 84.00 
22,1,0.005, 84.00 , 84.00 
22,1,0.005, 84.00 , 84.00 
23,1,0.005, 84.00 , 84.00 
23,1,0.005, 84.00 , 84.00 
23,1,0.005, 84.00 , 84.00 
24,1,0.005, 84.00 , 84.00 
24,1,0.005, 81.00 , 78.00 
24,1,0.005, 84.00 , 80.94 
25,1,0.005, 84.00 , 84.00 
25,1,0.005, 84.00 , 84.00 
25,1,0.005, 84.00 , 84.00 
26,1,0.005, 84.00 , 84.00 
26,1,0.005, 84.00 , 84.00 
26,1,0.005, 84.00 , 84.00 
27,1,0.005, 63.22 , 63.04 
27,1,0.005, 61.38 , 64.33 
27,1,0.005, 61.77 , 62.00 
28,1,0.005, 84.00 , 84.00 
28,1,0.005, 84.00 , 84.00 
28,1,0.005, 84.00 , 84.00 
29,1,0.005, 84.00 , 84.00 
29,1,0.005, 84.00 , 82.00 
29,1,0.005, 84.00 , 81.00 
30,1,0.005, 73.12 , 71.14 
30,1,0.005, 71.14 , 69.25 
30,1,0.005, 66.48 , 71.30 
31,1,0.005, 48.15 , 40.33 
31,1,0.005, 40.18 , 40.22 
31,1,0.005, 39.73 , 38.83 
32,1,0.005, 70.83 , 73.83 
32,1,0.005, 63.85 , 65.83 
32,1,0.005, 80.82 , 73.97 
33,1,0.005, 84.00 , 84.00 
33,1,0.005, 84.00 , 84.00 
33,1,0.005, 84.00 , 84.00 
34,1,0.005, 84.00 , 84.00 
34,1,0.005, 84.00 , 84.00 
34,1,0.005, 84.00 , 82.79 
35,1,0.005, 64.82 , 69.39 
35,1,0.005, 65.75 , 64.49 
35,1,0.005, 67.82 , 62.80 
36,1,0.005, 84.00 , 84.00 
36,1,0.005, 84.00 , 84.00 
36,1,0.005, 84.00 , 84.00 
37,1,0.005, 84.00 , 84.00 
37,1,0.005, 84.00 , 84.00 
37,1,0.005, 84.00 , 84.00 
38,1,0.005, 84.00 , 84.00 
38,1,0.005, 84.00 , 84.00 
38,1,0.005, 84.00 , 84.00 
39,1,0.005, 84.00 , 84.00 
39,1,0.005, 84.00 , 84.00 
39,1,0.005, 84.00 , 84.00 
40,1,0.005, 84.00 , 84.00 
40,1,0.005, 84.00 , 84.00 
40,1,0.005, 84.00 , 84.00 
41,1,0.005, 52.89 , 57.93 
41,1,0.005, 58.63 , 63.84 
41,1,0.005, 59.82 , 62.48 
42,1,0.005, 48.72 , 47.90 
42,1,0.005, 48.20 , 48.90 
42,1,0.005, 51.01 , 47.77 
43,1,0.005, 84.00 , 84.00 
43,1,0.005, 84.00 , 84.00 
43,1,0.005, 84.00 , 84.00 
44,1,0.005, 84.00 , 82.00 
44,1,0.005, 83.00 , 83.08 
44,1,0.005, 84.00 , 79.82 
45,1,0.005, 84.00 , 84.00 
45,1,0.005, 84.00 , 84.00 
45,1,0.005, 84.00 , 84.00 
46,1,0.005, 84.00 , 84.00 
46,1,0.005, 80.29 , 84.00 
46,1,0.005, 84.00 , 79.80 
47,1,0.005, 84.00 , 84.00 
47,1,0.005, 84.00 , 84.00 
47,1,0.005, 84.00 , 84.00 
48,1,0.005, 84.00 , 84.00 
48,1,0.005, 84.00 , 84.00 
48,1,0.005, 84.00 , 80.65 
49,1,0.005, 84.00 , 84.00 
49,1,0.005, 84.00 , 84.00 
49,1,0.005, 84.00 , 83.50 
50,1,0.005, 84.00 , 84.00 
50,1,0.005, 80.01 , 81.00 
50,1,0.005, 81.50 , 79.00 
1,1,0.01, 84.00 , 84.00 
1,1,0.01, 84.00 , 84.00 
1,1,0.01, 84.00 , 84.00 
2,1,0.01, 70.72 , 70.72 
2,1,0.01, 65.39 , 65.82 
2,1,0.01, 59.74 , 59.53 
3,1,0.01, 70.83 , 73.29 
3,1,0.01, 69.90 , 69.38 
3,1,0.01, 73.81 , 73.99 
4,1,0.01, 70.73 , 70.38 
4,1,0.01, 73.22 , 74.92 
4,1,0.01, 74.92 , 77.82 
5,1,0.01, 79.78 , 76.64 
5,1,0.01, 78.72 , 72.83 
5,1,0.01, 82.65 , 67.94 
6,1,0.01, 78.83 , 78.84 
6,1,0.01, 63.83 , 63.82 
6,1,0.01, 65.83 , 68.82 
7,1,0.01, 50.52 , 50.52 
7,1,0.01, 70.72 , 70.72 
7,1,0.01, 70.73 , 70.11 
8,1,0.01, 70.72 , 76.93 
8,1,0.01, 75.83 , 75.83 
8,1,0.01, 76.82 , 76.94 
9,1,0.01, 76.92 , 76.02 
9,1,0.01, 73.22 , 75.93 
9,1,0.01, 75.92 , 74.93 
10,1,0.01, 73.92 , 79.50 
10,1,0.01, 79.49 , 75.17 
10,1,0.01, 78.82 , 78.82 
11,1,0.01, 76.83 , 76.92 
11,1,0.01, 58.83 , 67.82 
11,1,0.01, 64.82 , 78.82 
12,1,0.01, 63.10 , 79.75 
12,1,0.01, 73.11 , 70.41 
12,1,0.01, 78.73 , 68.39 
13,1,0.01, 64.78 , 66.42 
13,1,0.01, 66.02 , 66.92 
13,1,0.01, 75.83 , 66.93 
14,1,0.01, 67.93 , 67.02 
14,1,0.01, 60.73 , 58.65 
14,1,0.01, 65.83 , 65.92 
15,1,0.01, 75.93 , 76.83 
15,1,0.01, 76.84 , 67.38 
15,1,0.01, 70.09 , 79.82 
16,1,0.01, 76.83 , 70.74 
16,1,0.01, 65.47 , 68.93 
16,1,0.01, 69.38 , 64.92 
17,1,0.01, 67.82 , 58.41 
17,1,0.01, 61.15 , 67.43 
17,1,0.01, 78.73 , 77.28 
18,1,0.01, 84.00 , 84.00 
18,1,0.01, 84.00 , 84.00 
18,1,0.01, 84.00 , 84.00 
19,1,0.01, 84.00 , 84.00 
19,1,0.01, 84.00 , 84.00 
19,1,0.01, 84.00 , 84.00 
20,1,0.01, 66.86 , 66.04 
20,1,0.01, 66.91 , 73.92 
20,1,0.01, 66.91 , 73.92 
21,1,0.01, 70.17 , 62.20 
21,1,0.01, 74.90 , 72.45 
21,1,0.01, 74.90 , 72.45 
22,1,0.01, 70.38 , 70.82 
22,1,0.01, 75.16 , 70.36 
22,1,0.01, 75.16 , 70.36 
23,1,0.01, 74.18 , 70.67 
23,1,0.01, 72.58 , 69.19 
23,1,0.01, 72.58 , 69.19 
24,1,0.01, 48.02 , 59.32 
24,1,0.01, 58.35 , 53.18 
24,1,0.01, 58.35 , 53.18 
25,1,0.01, 54.07 , 50.57 
25,1,0.01, 62.37 , 56.02 
25,1,0.01, 52.39 , 52.01 
26,1,0.01, 80.72 , 84.00 
26,1,0.01, 78.74 , 84.00 
26,1,0.01, 78.74 , 84.00 
27,1,0.01, 50.38 , 54.32 
27,1,0.01, 50.50 , 59.56 
27,1,0.01, 51.37 , 51.22 
28,1,0.01, 84.00 , 84.00 
28,1,0.01, 84.00 , 84.00 
28,1,0.01, 84.00 , 84.00 
29,1,0.01, 52.48 , 51.76 
29,1,0.01, 59.48 , 59.30 
29,1,0.01, 50.21 , 59.39 
30,1,0.01, 64.83 , 69.29 
30,1,0.01, 65.93 , 65.82 
30,1,0.01, 60.38 , 68.38 
31,1,0.01, 23.84 , 23.85 
31,1,0.01, 21.94 , 23.58 
31,1,0.01, 23.58 , 21.48 
32,1,0.01, 30.83 , 30.84 
32,1,0.01, 31.84 , 31.84 
32,1,0.01, 23.94 , 23.58 
33,1,0.01, 59.84 , 53.85 
33,1,0.01, 55.82 , 53.86 
33,1,0.01, 59.84 , 56.83 
34,1,0.01, 68.62 , 61.86 
34,1,0.01, 61.75 , 63.32 
34,1,0.01, 64.83 , 63.82 
35,1,0.01, 40.82 , 40.09 
35,1,0.01, 39.30 , 38.31 
35,1,0.01, 40.83 , 40.82 
36,1,0.01, 76.00 , 68.85 
36,1,0.01, 79.15 , 79.15 
36,1,0.01, 80.32 , 80.82 
37,1,0.01, 63.84 , 68.38 
37,1,0.01, 68.82 , 69.27 
37,1,0.01, 65.01 , 65.38 
38,1,0.01, 62.12 , 59.04 
38,1,0.01, 60.83 , 60.82 
38,1,0.01, 61.38 , 62.84 
39,1,0.01, 84.00 , 84.00 
39,1,0.01, 84.00 , 84.00 
39,1,0.01, 84.00 , 84.00 
40,1,0.01, 84.00 , 84.00 
40,1,0.01, 84.00 , 84.00 
40,1,0.01, 84.00 , 84.00 
41,1,0.01, 40.82 , 49.82 
41,1,0.01, 42.84 , 42.48 
41,1,0.01, 42.84 , 49.83 
42,1,0.01, 36.40 , 35.82 
42,1,0.01, 35.73 , 35.04 
42,1,0.01, 35.73 , 35.04 
43,1,0.01, 67.54 , 67.98 
43,1,0.01, 67.54 , 67.98 
43,1,0.01, 67.54 , 67.98 
44,1,0.01, 69.33 , 65.82 
44,1,0.01, 60.83 , 60.38 
44,1,0.01, 59.82 , 53.83 
45,1,0.01, 60.00 , 63.92 
45,1,0.01, 58.30 , 59.83 
45,1,0.01, 68.73 , 68.94 
46,1,0.01, 62.37 , 69.73 
46,1,0.01, 77.09 , 72.52 
46,1,0.01, 74.83 , 74.73 
47,1,0.01, 80.83 , 80.82 
47,1,0.01, 80.30 , 80.73 
47,1,0.01, 80.30 , 80.73 
48,1,0.01, 75.83 , 72.84 
48,1,0.01, 79.30 , 72.11 
48,1,0.01, 79.30 , 72.11 
49,1,0.01, 79.01 , 79.01 
49,1,0.01, 72.00 , 72.90 
49,1,0.01, 79.01 , 79.01 
50,1,0.01, 56.72 , 60.27 
50,1,0.01, 53.84 , 60.87 
50,1,0.01, 69.71 , 59.62 
1,1,0.05, 84.00 , 84.00 
1,1,0.05, 84.00 , 84.00 
1,1,0.05, 84.00 , 84.00 
2,1,0.05, 69.83 , 69.72 
2,1,0.05, 64.72 , 64.72 
2,1,0.05, 58.82 , 58.13 
3,1,0.05, 69.74 , 69.80 
3,1,0.05, 67.76 , 66.78 
3,1,0.05, 70.82 , 70.72 
4,1,0.05, 66.05 , 64.21 
4,1,0.05, 63.77 , 62.39 
4,1,0.05, 63.72 , 63.81 
5,1,0.05, 75.00 , 75.82 
5,1,0.05, 66.19 , 64.21 
5,1,0.05, 73.82 , 73.84 
6,1,0.05, 51.54 , 52.00 
6,1,0.05, 59.95 , 58.05 
6,1,0.05, 60.82 , 60.22 
7,1,0.05, 66.74 , 65.31 
7,1,0.05, 60.33 , 59.87 
7,1,0.05, 65.82 , 65.82 
8,1,0.05, 65.92 , 65.09 
8,1,0.05, 73.33 , 70.72 
8,1,0.05, 71.32 , 71.98 
9,1,0.05, 67.93 , 67.02 
9,1,0.05, 70.92 , 70.88 
9,1,0.05, 70.83 , 69.93 
10,1,0.05, 71.98 , 71.98 
10,1,0.05, 75.82 , 75.93 
10,1,0.05, 77.82 , 71.83 
11,1,0.05, 60.62 , 60.62 
11,1,0.05, 49.05 , 49.05 
11,1,0.05, 65.98 , 67.99 
12,1,0.05, 60.20 , 59.62 
12,1,0.05, 59.60 , 56.88 
12,1,0.05, 58.01 , 58.00 
13,1,0.05, 64.38 , 64.38 
13,1,0.05, 64.16 , 63.27 
13,1,0.05, 59.83 , 55.93 
14,1,0.05, 57.07 , 56.20 
14,1,0.05, 59.24 , 56.40 
14,1,0.05, 55.93 , 55.92 
15,1,0.05, 61.64 , 65.22 
15,1,0.05, 68.83 , 65.82 
15,1,0.05, 70.83 , 69.83 
16,1,0.05, 58.83 , 50.82 
16,1,0.05, 55.83 , 57.82 
16,1,0.05, 60.32 , 69.82 
17,1,0.05, 58.14 , 59.18 
17,1,0.05, 59.32 , 55.28 
17,1,0.05, 77.83 , 67.28 
18,1,0.05, 78.97 , 83.20 
18,1,0.05, 84.00 , 82.85 
18,1,0.05, 84.00 , 82.85 
19,1,0.05, 72.39 , 74.61 
19,1,0.05, 84.00 , 84.00 
19,1,0.05, 84.00 , 84.00 
20,1,0.05, 62.45 , 62.45 
20,1,0.05, 56.76 , 56.76 
20,1,0.05, 62.45 , 62.45 
21,1,0.05, 67.83 , 56.82 
21,1,0.05, 71.33 , 71.89 
21,1,0.05, 70.38 , 70.09 
22,1,0.05, 66.37 , 67.27 
22,1,0.05, 68.38 , 69.37 
22,1,0.05, 62.38 , 60.26 
23,1,0.05, 61.63 , 63.19 
23,1,0.05, 61.68 , 62.88 
23,1,0.05, 61.63 , 63.19 
24,1,0.05, 48.50 , 44.40 
24,1,0.05, 48.97 , 41.97 
24,1,0.05, 48.97 , 41.97 
25,1,0.05, 41.75 , 35.33 
25,1,0.05, 40.28 , 40.28 
25,1,0.05, 40.20 , 40.02 
26,1,0.05, 63.65 , 67.88 
26,1,0.05, 66.41 , 66.41 
26,1,0.05, 63.65 , 67.88 
27,1,0.05, 32.48 , 34.38 
27,1,0.05, 19.09 , 19.09 
27,1,0.05, 24.38 , 29.48 
28,1,0.05, 84.00 , 84.00 
28,1,0.05, 84.00 , 84.00 
28,1,0.05, 84.00 , 84.00 
29,1,0.05, 53.32 , 49.75 
29,1,0.05, 50.30 , 50.38 
29,1,0.05, 49.82 , 49.82 
30,1,0.05, 33.19 , 31.92 
30,1,0.05, 48.12 , 38.19 
30,1,0.05, 49.38 , 44.38 
31,1,0.05, 23.56 , 20.89 
31,1,0.05, 22.16 , 21.09 
31,1,0.05, 20.49 , 20.38 
32,1,0.05, 24.84 , 24.95 
32,1,0.05, 24.48 , 24.78 
32,1,0.05, 20.58 , 20.58 
33,1,0.05, 50.82 , 49.83 
33,1,0.05, 50.28 , 52.82 
33,1,0.05, 50.82 , 50.29 
34,1,0.05, 59.82 , 52.91 
34,1,0.05, 52.92 , 52.52 
34,1,0.05, 59.83 , 52.39 
35,1,0.05, 31.20 , 30.58 
35,1,0.05, 35.73 , 35.72 
35,1,0.05, 35.83 , 34.82 
36,1,0.05, 70.02 , 70.16 
36,1,0.05, 72.70 , 74.94 
36,1,0.05, 72.74 , 71.37 
37,1,0.05, 58.28 , 56.10 
37,1,0.05, 56.89 , 53.91 
37,1,0.05, 55.29 , 53.04 
38,1,0.05, 58.12 , 55.56 
38,1,0.05, 56.28 , 56.09 
38,1,0.05, 55.32 , 54.80 
39,1,0.05, 84.00 , 84.00 
39,1,0.05, 84.00 , 84.00 
39,1,0.05, 84.00 , 84.00 
40,1,0.05, 70.39 , 71.84 
40,1,0.05, 84.00 , 82.80 
40,1,0.05, 84.00 , 82.80 
41,1,0.05, 36.58 , 43.58 
41,1,0.05, 39.85 , 36.83 
41,1,0.05, 35.82 , 34.11 
42,1,0.05, 35.59 , 32.41 
42,1,0.05, 35.59 , 32.41 
42,1,0.05, 35.59 , 32.41 
43,1,0.05, 58.66 , 58.66 
43,1,0.05, 58.66 , 58.66 
43,1,0.05, 58.66 , 58.66 
44,1,0.05, 55.45 , 58.09 
44,1,0.05, 57.06 , 60.00 
44,1,0.05, 52.74 , 52.73 
45,1,0.05, 50.83 , 50.82 
45,1,0.05, 54.82 , 50.00 
45,1,0.05, 50.93 , 50.29 
46,1,0.05, 62.84 , 65.83 
46,1,0.05, 65.83 , 70.83 
46,1,0.05, 70.83 , 70.16 
47,1,0.05, 78.53 , 78.53 
47,1,0.05, 70.52 , 71.22 
47,1,0.05, 70.52 , 71.22 
48,1,0.05, 65.73 , 69.73 
48,1,0.05, 66.38 , 75.07 
48,1,0.05, 66.38 , 75.07 
49,1,0.05, 68.46 , 69.41 
49,1,0.05, 70.83 , 70.62 
49,1,0.05, 68.46 , 69.41 
50,1,0.05, 40.07 , 38.16 
50,1,0.05, 49.33 , 45.58 
50,1,0.05, 49.33 , 45.58 
1,1,0.1, 72.41 , 73.27 
1,1,0.1, 55.31 , 55.26 
1,1,0.1, 55.31 , 55.26 
2,1,0.1, 43.84 , 42.21 
2,1,0.1, 57.72 , 58.22 
2,1,0.1, 40.24 , 40.22 
3,1,0.1, 78.91 , 59.61 
3,1,0.1, 56.93 , 67.10 
3,1,0.1, 53.85 , 57.30 
4,1,0.1, 49.08 , 52.16 
4,1,0.1, 54.29 , 50.71 
4,1,0.1, 59.50 , 49.26 
5,1,0.1, 33.86 , 33.97 
5,1,0.1, 50.21 , 50.21 
5,1,0.1, 66.56 , 66.45 
6,1,0.1, 22.26 , 20.63 
6,1,0.1, 24.52 , 20.93 
6,1,0.1, 24.52 , 20.93 
7,1,0.1, 32.05 , 32.61 
7,1,0.1, 40.65 , 36.31 
7,1,0.1, 40.65 , 36.31 
8,1,0.1, 24.02 , 23.30 
8,1,0.1, 25.91 , 21.90 
8,1,0.1, 27.80 , 20.50 
9,1,0.1, 23.61 , 19.31 
9,1,0.1, 23.41 , 19.43 
9,1,0.1, 23.21 , 19.55 
10,1,0.1, 65.67 , 59.09 
10,1,0.1, 66.74 , 66.74 
10,1,0.1, 67.81 , 74.39 
11,1,0.1, 38.20 , 39.05 
11,1,0.1, 30.76 , 27.23 
11,1,0.1, 23.32 , 15.41 
12,1,0.1, 27.22 , 23.67 
12,1,0.1, 26.23 , 29.00 
12,1,0.1, 26.23 , 29.00 
13,1,0.1, 47.28 , 49.32 
13,1,0.1, 50.45 , 49.56 
13,1,0.1, 53.62 , 49.80 
14,1,0.1, 40.32 , 40.82 
14,1,0.1, 45.82 , 43.95 
14,1,0.1, 43.94 , 44.84 
15,1,0.1, 40.43 , 44.45 
15,1,0.1, 38.42 , 37.45 
15,1,0.1, 36.41 , 30.45 
16,1,0.1, 55.60 , 52.50 
16,1,0.1, 48.74 , 48.45 
16,1,0.1, 41.88 , 44.40 
17,1,0.1, 40.54 , 39.36 
17,1,0.1, 33.55 , 41.74 
17,1,0.1, 26.56 , 44.12 
18,1,0.1, 73.79 , 77.07 
18,1,0.1, 81.04 , 81.04 
18,1,0.1, 73.79 , 77.07 
19,1,0.1, 70.26 , 70.04 
19,1,0.1, 84.00 , 79.99 
19,1,0.1, 70.26 , 70.04 
20,1,0.1, 39.21 , 37.02 
20,1,0.1, 60.85 , 61.40 
20,1,0.1, 54.83 , 55.38 
21,1,0.1, 53.69 , 50.62 
21,1,0.1, 62.95 , 62.69 
21,1,0.1, 53.69 , 50.62 
22,1,0.1, 48.40 , 48.42 
22,1,0.1, 56.92 , 53.77 
22,1,0.1, 55.00 , 59.12 
23,1,0.1, 28.62 , 30.60 
23,1,0.1, 33.49 , 30.73 
23,1,0.1, 38.36 , 30.86 
24,1,0.1, 28.08 , 26.55 
24,1,0.1, 28.23 , 26.09 
24,1,0.1, 28.38 , 25.63 
25,1,0.1, 15.31 , 15.81 
25,1,0.1, 17.67 , 19.16 
25,1,0.1, 20.03 , 22.51 
26,1,0.1, 46.64 , 42.77 
26,1,0.1, 58.12 , 57.36 
26,1,0.1, 46.64 , 42.77 
27,1,0.1, 11.22 , 11.22 
27,1,0.1, 11.22 , 11.22 
27,1,0.1, 11.22 , 11.22 
28,1,0.1, 51.59 , 52.81 
28,1,0.1, 64.24 , 64.36 
28,1,0.1, 76.89 , 75.91 
29,1,0.1, 56.03 , 46.68 
29,1,0.1, 42.62 , 42.26 
29,1,0.1, 42.62 , 42.26 
30,1,0.1, 28.28 , 24.88 
30,1,0.1, 28.02 , 33.17 
30,1,0.1, 27.76 , 41.46 
31,1,0.1, 32.55 , 27.08 
31,1,0.1, 14.84 , 14.84 
31,1,0.1, 14.84 , 14.84 
32,1,0.1, 12.40 , 10.22 
32,1,0.1, 12.40 , 10.22 
32,1,0.1, 12.40 , 10.22 
33,1,0.1, 39.43 , 37.84 
33,1,0.1, 43.30 , 36.60 
33,1,0.1, 47.17 , 35.36 
34,1,0.1, 59.60 , 47.64 
34,1,0.1, 58.48 , 30.32 
34,1,0.1, 58.48 , 30.32 
35,1,0.1, 22.00 , 22.00 
35,1,0.1, 23.36 , 23.36 
35,1,0.1, 22.00 , 22.00 
36,1,0.1, 64.10 , 62.09 
36,1,0.1, 66.09 , 67.20 
36,1,0.1, 64.10 , 62.09 
37,1,0.1, 38.57 , 36.89 
37,1,0.1, 55.09 , 46.55 
37,1,0.1, 38.57 , 36.89 
38,1,0.1, 52.22 , 55.26 
38,1,0.1, 44.92 , 44.82 
38,1,0.1, 43.01 , 45.92 
39,1,0.1, 62.70 , 56.88 
39,1,0.1, 67.72 , 63.70 
39,1,0.1, 72.74 , 70.52 
40,1,0.1, 63.82 , 68.33 
40,1,0.1, 78.32 , 63.67 
40,1,0.1, 92.82 , 59.01 
41,1,0.1, 23.69 , 23.14 
41,1,0.1, 26.86 , 27.73 
41,1,0.1, 30.03 , 32.32 
42,1,0.1, 31.63 , 32.60 
42,1,0.1, 25.84 , 34.55 
42,1,0.1, 26.85 , 26.96 
43,1,0.1, 45.33 , 45.20 
43,1,0.1, 44.27 , 36.61 
43,1,0.1, 42.45 , 45.86 
44,1,0.1, 43.00 , 42.58 
44,1,0.1, 53.80 , 51.33 
44,1,0.1, 34.82 , 43.82 
45,1,0.1, 40.21 , 40.44 
45,1,0.1, 40.51 , 39.59 
45,1,0.1, 42.84 , 31.23 
46,1,0.1, 48.59 , 48.84 
46,1,0.1, 46.22 , 48.53 
46,1,0.1, 43.85 , 48.22 
47,1,0.1, 46.82 , 42.65 
47,1,0.1, 49.99 , 47.07 
47,1,0.1, 53.16 , 51.49 
48,1,0.1, 49.53 , 46.72 
48,1,0.1, 67.91 , 61.95 
48,1,0.1, 67.91 , 61.95 
49,1,0.1, 50.16 , 50.88 
49,1,0.1, 52.55 , 52.05 
49,1,0.1, 54.94 , 53.22 
50,1,0.1, 14.09 , 14.09 
50,1,0.1, 14.09 , 14.09 
50,1,0.1, 32.83 , 31.20 
1,1,0.5,21.71,21.7
1,1,0.5,30.72,31.69
1,1,0.5,39.73,41.68
2,1,0.5,25.75,21.85
2,1,0.5,65.18,39.65
2,1,0.5,28.82,21.4
3,1,0.5,19.87,18.38
3,1,0.5,43.21,30.48
3,1,0.5,23.84,20.81
4,1,0.5,31.93,25.91
4,1,0.5,40.51,28.96
4,1,0.5,21.84,19.84
5,1,0.5,15.82,16.8
5,1,0.5,13.89,15.53
5,1,0.5,21.84,29.83
6,1,0.5,20.59,17.91
6,1,0.5,9.65,9.65
6,1,0.5,11.873,19.83
7,1,0.5,25.4,21.86
7,1,0.5,12.3,10.85
7,1,0.5,21.83,18.32
8,1,0.5,23.11,18.93
8,1,0.5,11.4,11.4
8,1,0.5,19.73,16.83
9,1,0.5,15.63,15.52
9,1,0.5,12.72,10.21
9,1,0.5,12.43,12.95
10,1,0.5,58.83,50.11
10,1,0.5,58.07,51.43
10,1,0.5,45.72,49.72
11,1,0.5,11.66,11.66
11,1,0.5,16.75,11.18
11,1,0.5,21.84,10.7
12,1,0.5,9.94,9.94
12,1,0.5,9.94,9.94
12,1,0.5,9.94,9.94
13,1,0.5,20.2,20.04
13,1,0.5,19.03,14.43
13,1,0.5,17.86,8.82
14,1,0.5,21.79,15.6
14,1,0.5,17.47,11.13
14,1,0.5,13.15,6.66
15,1,0.5,19.39,14.32
15,1,0.5,21.91,17.34
15,1,0.5,24.43,20.36
16,1,0.5,42.41,26.18
16,1,0.5,33.62,25.85
16,1,0.5,24.83,25.52
17,1,0.5,14.2,12.18
17,1,0.5,19.49,17.34
17,1,0.5,24.78,22.5
18,1,0.5,40.8,34.17
18,1,0.5,52.76,36.98
18,1,0.5,64.72,39.79
19,1,0.5,51.38,36.54
19,1,0.5,56.56,40.94
19,1,0.5,61.74,45.34
20,1,0.5,27.57,17.64
20,1,0.5,30.53,30.68
20,1,0.5,33.49,43.72
21,1,0.5,22.23,20.58
21,1,0.5,17.42,16.12
21,1,0.5,12.61,11.66
22,1,0.5,12.64,10.91
22,1,0.5,14.24,11
22,1,0.5,15.84,11.09
23,1,0.5,14.6,16.09
23,1,0.5,12.66,12.65
23,1,0.5,10.72,9.21
24,1,0.5,12.55,11.18
24,1,0.5,11.78,11.78
24,1,0.5,11.01,12.38
25,1,0.5,10.15,1015
25,1,0.5,33.24,19.22
25,1,0.5,33.24,19.22
26,1,0.5,22.54,16.57
26,1,0.5,28.15,18.22
26,1,0.5,33.76,19.87
27,1,0.5,6,6
27,1,0.5,6,6
27,1,0.5,6,6
28,1,0.5,17.16,15.4
28,1,0.5,17.22,14.18
28,1,0.5,17.28,12.96
29,1,0.5,19,14.15
29,1,0.5,10.6,10.6
29,1,0.5,18.28,7.05
30,1,0.5,26.26,24.71
30,1,0.5,40.64,18.05
30,1,0.5,25.82,29.83
31,1,0.5,6,6
31,1,0.5,6,6
31,1,0.5,6,6
32,1,0.5,10.03,10.03
32,1,0.5,10.03,10.03
32,1,0.5,10.03,10.03
33,1,0.5,28.24,22.34
33,1,0.5,13.98,11.41
33,1,0.5,23.82,21
34,1,0.5,17.73,15.38
34,1,0.5,23.41,15.74
34,1,0.5,29.09,16.1
35,1,0.5,12.09,11.8
35,1,0.5,25.3,19.16
35,1,0.5,18.83,19.83
36,1,0.5,24.06,23.43
36,1,0.5,19.67,16.18
36,1,0.5,15.28,8.93
37,1,0.5,18.19,18.41
37,1,0.5,28.65,16.9
37,1,0.5,39.11,15.39
38,1,0.5,27.47,19.89
38,1,0.5,13.65,11.38
38,1,0.5,28.32,21.93
39,1,0.5,25.31,20.64
39,1,0.5,22.4,25.99
39,1,0.5,19.49,31.34
40,1,0.5,11.54,10.88
40,1,0.5,41.98,25.8
40,1,0.5,72.42,40.72
41,1,0.5,14.1,13.88
41,1,0.5,25.16,17.18
41,1,0.5,36.22,20.48
42,1,0.5,15.18,11.1
42,1,0.5,14.9,11.42
42,1,0.5,14.62,11.74
43,1,0.5,59.48,26.65
43,1,0.5,31.09,15.59
43,1,0.5,35.43,32.84
44,1,0.5,15.34,11.3
44,1,0.5,17.07,15.19
44,1,0.5,18.8,19.08
45,1,0.5,6,6
45,1,0.5,10.8,9.6
45,1,0.5,15.6,13.2
46,1,0.5,13.56,12.03
46,1,0.5,13.24,13.26
46,1,0.5,12.92,14.49
47,1,0.5,10.94,10.5
47,1,0.5,16.63,10.73
47,1,0.5,22.32,10.96
48,1,0.5,32.35,22.31
48,1,0.5,14.81,14.89
48,1,0.5,21.32,19.38
49,1,0.5,12.82,12.82
49,1,0.5,16.61,10.35
49,1,0.5,20.4,7.88
50,1,0.5,10.3,10.3
50,1,0.5,21.05,17.6
50,1,0.5,31.8,24.9
1,1,1, 18.73 , 20.57 
1,1,1, 19.89 , 19.97 
1,1,1, 21.05 , 19.37 
2,1,1, 10.89 , 10.80 
2,1,1, 21.99 , 15.42 
2,1,1, 30.00 , 20.04 
3,1,1, 6.00 , 6.00 
3,1,1, 6.00 , 6.00 
3,1,1, 6.00 , 6.00 
4,1,1, 13.55 , 12.94 
4,1,1, 12.85 , 11.81 
4,1,1, 11.33 , 10.32 
5,1,1, 21.13 , 12.20 
5,1,1, 10.71 , 8.11 
5,1,1, 6.00 , 6.00 
6,1,1, 6.00 , 6.00 
6,1,1, 6.00 , 6.00 
6,1,1, 6.00 , 6.00 
7,1,1, 6.00 , 6.00 
7,1,1, 6.00 , 6.00 
7,1,1, 6.00 , 6.00 
8,1,1, 6.00 , 6.00 
8,1,1, 8.23 , 8.23 
8,1,1, 8.97 , 8.97 
9,1,1, 7.74 , 6.00 
9,1,1, 7.12 , 6.00 
9,1,1, 6.50 , 6.00 
10,1,1, 52.94 , 16.11 
10,1,1, 49.63 , 26.91 
10,1,1, 46.32 , 37.71 
11,1,1, 6.00 , 6.00 
11,1,1, 6.00 , 6.00 
11,1,1, 6.00 , 6.00 
12,1,1, 6.00 , 6.00 
12,1,1, 6.00 , 6.00 
12,1,1, 6.00 , 6.00 
13,1,1, 10.88 , 10.29 
13,1,1, 11.17 , 11.58 
13,1,1, 14.52 , 10.00 
14,1,1, 6.00 , 6.00 
14,1,1, 6.00 , 6.00 
14,1,1, 6.00 , 6.00 
15,1,1, 12.74 , 10.75 
15,1,1, 7.89 , 8.90 
15,1,1, 6.00 , 7.05 
16,1,1, 29.13 , 27.44 
16,1,1, 14.24 , 13.86 
16,1,1, 19.83 , 19.83 
17,1,1, 7.28 , 6.00 
17,1,1, 8.62 , 6.00 
17,1,1, 8.62 , 6.00 
18,1,1, 23.23 , 15.01 
18,1,1, 15.83 , 12.44 
18,1,1, 20.83 , 19.83 
19,1,1, 17.89 , 14.11 
19,1,1, 33.52 , 20.79 
19,1,1, 20.83 , 20.81 
20,1,1, 12.14 , 14.70 
20,1,1, 6.00 , 6.00 
20,1,1, 8.00 , 8.00 
21,1,1, 17.80 , 14.03 
21,1,1, 9.08 , 9.07 
21,1,1, 9.83 , 9.28 
22,1,1, 13.00 , 13.74 
22,1,1, 6.00 , 6.00 
22,1,1, 12.00 , 11.00 
23,1,1, 6.00 , 6.00 
23,1,1, 10.16 , 9.34 
23,1,1, 7.83 , 7.22 
24,1,1, 6.00 , 6.00 
24,1,1, 6.00 , 6.00 
24,1,1, 6.00 , 6.00 
25,1,1, 6.00 , 6.00 
25,1,1, 6.00 , 6.00 
25,1,1, 6.00 , 6.00 
26,1,1, 17.73 , 18.60 
26,1,1, 25.50 , 15.81 
26,1,1, 17.73 , 15.82 
27,1,1, 6.00 , 6.00 
27,1,1, 6.00 , 6.00 
27,1,1, 6.00 , 6.00 
28,1,1, 10.82 , 8.40 
28,1,1, 13.50 , 10.10 
28,1,1, 16.18 , 11.80 
29,1,1, 6.00 , 6.00 
29,1,1, 6.00 , 12.42 
29,1,1, 6.00 , 6.00 
30,1,1, 12.82 , 11.04 
30,1,1, 9.14 , 9.25 
30,1,1, 6.00 , 7.46 
31,1,1, 6.00 , 6.00 
31,1,1, 6.00 , 6.00 
31,1,1, 6.00 , 6.00 
32,1,1, 6.00 , 6.00 
32,1,1, 6.00 , 6.00 
32,1,1, 6.00 , 6.00 
33,1,1, 19.47 , 10.11 
33,1,1, 10.10 , 6.00 
33,1,1, 18.73 , 13.12 
34,1,1, 11.88 , 11.37 
34,1,1, 11.83 , 9.82 
34,1,1, 12.83 , 10.82 
35,1,1, 8.37 , 7.74 
35,1,1, 11.76 , 9.83 
35,1,1, 15.15 , 11.92 
36,1,1, 8.38 , 8.61 
36,1,1, 11.70 , 10.46 
36,1,1, 15.02 , 12.31 
37,1,1, 6.00 , 6.00 
37,1,1, 6.00 , 6.00 
37,1,1, 6.00 , 6.00 
38,1,1, 6.00 , 6.00 
38,1,1, 11.30 , 6.00 
38,1,1, 18.73 , 14.82 
39,1,1, 21.00 , 11.30 
39,1,1, 18.01 , 7.36 
39,1,1, 18.01 , 7.36 
40,1,1, 9.77 , 6.00 
40,1,1, 32.88 , 31.60 
40,1,1, 24.82 , 23.81 
41,1,1, 13.62 , 8.22 
41,1,1, 15.66 , 7.77 
41,1,1, 17.70 , 7.32 
42,1,1, 11.78 , 10.97 
42,1,1, 7.93 , 7.93 
42,1,1, 8.82 , 9.32 
43,1,1, 20.99 , 13.98 
43,1,1, 20.14 , 14.40 
43,1,1, 19.29 , 14.82 
44,1,1, 6.00 , 6.00 
44,1,1, 6.00 , 6.00 
44,1,1, 6.00 , 6.00 
45,1,1, 6.00 , 6.00 
45,1,1, 6.00 , 6.00 
45,1,1, 6.00 , 6.00 
46,1,1, 21.16 , 19.20 
46,1,1, 16.39 , 12.48 
46,1,1, 11.62 , 15.76 
47,1,1, 6.64 , 6.00 
47,1,1, 6.71 , 6.00 
47,1,1, 6.71 , 6.00 
48,1,1, 6.00 , 6.00 
48,1,1, 15.41 , 8.19 
48,1,1, 19.83 , 12.38 
49,1,1, 8.72 , 7.71 
49,1,1, 8.73 , 7.02 
49,1,1, 10.73 , 6.00 
50,1,1, 8.19 , 6.00 
50,1,1, 6.00 , 6.00 
50,1,1, 6.00 , 6.00 
1,2,0, 84.00 , 84.00 
1,2,0, 84.00 , 84.00 
1,2,0, 84.00 , 84.00 
2,2,0, 84.00 , 84.00 
2,2,0, 84.00 , 84.00 
2,2,0, 84.00 , 84.00 
3,2,0, 84.00 , 84.00 
3,2,0, 84.00 , 84.00 
3,2,0, 84.00 , 84.00 
4,2,0, 84.00 , 84.00 
4,2,0, 84.00 , 84.00 
4,2,0, 84.00 , 84.00 
5,2,0, 84.00 , 84.00 
5,2,0, 84.00 , 84.00 
5,2,0, 84.00 , 84.00 
6,2,0, 84.00 , 84.00 
6,2,0, 84.00 , 84.00 
6,2,0, 84.00 , 84.00 
7,2,0, 84.00 , 84.00 
7,2,0, 84.00 , 84.00 
7,2,0, 84.00 , 84.00 
8,2,0, 84.00 , 84.00 
8,2,0, 84.00 , 84.00 
8,2,0, 84.00 , 84.00 
9,2,0, 84.00 , 84.00 
9,2,0, 84.00 , 84.00 
9,2,0, 84.00 , 84.00 
10,2,0, 84.00 , 84.00 
10,2,0, 84.00 , 84.00 
10,2,0, 84.00 , 84.00 
11,2,0, 84.00 , 84.00 
11,2,0, 84.00 , 84.00 
11,2,0, 84.00 , 84.00 
12,2,0, 84.00 , 84.00 
12,2,0, 84.00 , 84.00 
12,2,0, 84.00 , 84.00 
13,2,0, 84.00 , 84.00 
13,2,0, 84.00 , 84.00 
13,2,0, 84.00 , 84.00 
14,2,0, 84.00 , 84.00 
14,2,0, 84.00 , 84.00 
14,2,0, 84.00 , 84.00 
15,2,0, 84.00 , 84.00 
15,2,0, 84.00 , 84.00 
15,2,0, 84.00 , 84.00 
16,2,0, 84.00 , 84.00 
16,2,0, 84.00 , 84.00 
16,2,0, 84.00 , 84.00 
17,2,0, 84.00 , 84.00 
17,2,0, 84.00 , 84.00 
17,2,0, 84.00 , 84.00 
18,2,0, 84.00 , 84.00 
18,2,0, 84.00 , 84.00 
18,2,0, 84.00 , 84.00 
19,2,0, 84.00 , 84.00 
19,2,0, 84.00 , 84.00 
19,2,0, 84.00 , 84.00 
20,2,0, 84.00 , 84.00 
20,2,0, 84.00 , 84.00 
20,2,0, 84.00 , 84.00 
21,2,0, 84.00 , 84.00 
21,2,0, 84.00 , 84.00 
21,2,0, 84.00 , 84.00 
22,2,0, 84.00 , 84.00 
22,2,0, 84.00 , 84.00 
22,2,0, 84.00 , 84.00 
23,2,0, 84.00 , 84.00 
23,2,0, 84.00 , 84.00 
23,2,0, 84.00 , 84.00 
24,2,0, 84.00 , 84.00 
24,2,0, 84.00 , 84.00 
24,2,0, 84.00 , 84.00 
25,2,0, 84.00 , 84.00 
25,2,0, 84.00 , 84.00 
25,2,0, 84.00 , 84.00 
26,2,0, 84.00 , 84.00 
26,2,0, 84.00 , 84.00 
26,2,0, 84.00 , 84.00 
27,2,0, 72.50 , 72.50 
27,2,0, 72.78 , 72.78 
27,2,0, 72.67 , 72.67 
28,2,0, 84.00 , 84.00 
28,2,0, 84.00 , 84.00 
28,2,0, 84.00 , 84.00 
29,2,0, 84.00 , 84.00 
29,2,0, 84.00 , 84.00 
29,2,0, 84.00 , 84.00 
30,2,0, 84.00 , 84.00 
30,2,0, 84.00 , 84.00 
30,2,0, 84.00 , 84.00 
31,2,0, 50.17 , 50.17 
31,2,0, 53.83 , 53.83 
31,2,0, 40.60 , 40.60 
32,2,0, 84.00 , 84.00 
32,2,0, 84.00 , 84.00 
32,2,0, 84.00 , 84.00 
33,2,0, 84.00 , 84.00 
33,2,0, 84.00 , 84.00 
33,2,0, 84.00 , 84.00 
34,2,0, 84.00 , 84.00 
34,2,0, 84.00 , 84.00 
34,2,0, 84.00 , 84.00 
35,2,0, 70.00 , 70.00 
35,2,0, 70.63 , 69.63 
35,2,0, 69.39 , 70.39 
36,2,0, 84.00 , 84.00 
36,2,0, 84.00 , 84.00 
36,2,0, 84.00 , 84.00 
37,2,0, 84.00 , 84.00 
37,2,0, 84.00 , 84.00 
37,2,0, 84.00 , 84.00 
38,2,0, 84.00 , 84.00 
38,2,0, 84.00 , 84.00 
38,2,0, 84.00 , 84.00 
39,2,0, 84.00 , 84.00 
39,2,0, 84.00 , 84.00 
39,2,0, 84.00 , 84.00 
40,2,0, 84.00 , 84.00 
40,2,0, 84.00 , 84.00 
40,2,0, 84.00 , 84.00 
41,2,0, 60.90 , 60.90 
41,2,0, 65.15 , 65.15 
41,2,0, 60.07 , 60.88 
42,2,0, 53.00 , 53.00 
42,2,0, 51.98 , 51.98 
42,2,0, 50.63 , 50.63 
43,2,0, 84.00 , 84.00 
43,2,0, 84.00 , 84.00 
43,2,0, 84.00 , 84.00 
44,2,0, 84.00 , 84.00 
44,2,0, 84.00 , 84.00 
44,2,0, 84.00 , 84.00 
45,2,0, 84.00 , 84.00 
45,2,0, 84.00 , 84.00 
45,2,0, 84.00 , 84.00 
46,2,0, 84.00 , 84.00 
46,2,0, 84.00 , 84.00 
46,2,0, 84.00 , 84.00 
47,2,0, 84.00 , 84.00 
47,2,0, 84.00 , 84.00 
47,2,0, 84.00 , 84.00 
48,2,0, 84.00 , 84.00 
48,2,0, 84.00 , 84.00 
48,2,0, 84.00 , 84.00 
49,2,0, 84.00 , 84.00 
49,2,0, 84.00 , 84.00 
49,2,0, 84.00 , 84.00 
50,2,0, 84.00 , 84.00 
50,2,0, 84.00 , 84.00 
50,2,0, 84.00 , 84.00 
1,2,0.001, 84.00 , 84.00 
1,2,0.001, 84.00 , 84.00 
1,2,0.001, 84.00 , 84.00 
2,2,0.001, 84.00 , 82.23 
2,2,0.001, 84.00 , 84.00 
2,2,0.001, 81.01 , 81.91 
3,2,0.001, 84.00 , 84.00 
3,2,0.001, 84.00 , 84.00 
3,2,0.001, 84.00 , 84.00 
4,2,0.001, 84.00 , 84.00 
4,2,0.001, 84.00 , 84.00 
4,2,0.001, 84.00 , 84.00 
5,2,0.001, 77.70 , 84.00 
5,2,0.001, 84.00 , 80.37 
5,2,0.001, 84.00 , 82.40 
6,2,0.001, 84.00 , 84.00 
6,2,0.001, 84.00 , 84.00 
6,2,0.001, 84.00 , 84.00 
7,2,0.001, 84.00 , 84.00 
7,2,0.001, 84.00 , 84.00 
7,2,0.001, 79.23 , 84.00 
8,2,0.001, 84.00 , 84.00 
8,2,0.001, 84.00 , 84.00 
8,2,0.001, 84.00 , 84.00 
9,2,0.001, 84.00 , 84.00 
9,2,0.001, 84.00 , 84.00 
9,2,0.001, 84.00 , 84.00 
10,2,0.001, 84.00 , 84.00 
10,2,0.001, 84.00 , 84.00 
10,2,0.001, 84.00 , 84.00 
11,2,0.001, 84.00 , 84.00 
11,2,0.001, 84.00 , 84.00 
11,2,0.001, 84.00 , 84.00 
12,2,0.001, 84.00 , 84.00 
12,2,0.001, 84.00 , 84.00 
12,2,0.001, 84.00 , 84.00 
13,2,0.001, 84.00 , 84.00 
13,2,0.001, 84.00 , 84.00 
13,2,0.001, 84.00 , 84.00 
14,2,0.001, 84.00 , 84.00 
14,2,0.001, 84.00 , 84.00 
14,2,0.001, 84.00 , 84.00 
15,2,0.001, 84.00 , 84.00 
15,2,0.001, 84.00 , 84.00 
15,2,0.001, 84.00 , 84.00 
16,2,0.001, 84.00 , 84.00 
16,2,0.001, 84.00 , 84.00 
16,2,0.001, 84.00 , 84.00 
17,2,0.001, 84.00 , 84.00 
17,2,0.001, 84.00 , 84.00 
17,2,0.001, 84.00 , 84.00 
18,2,0.001, 84.00 , 84.00 
18,2,0.001, 84.00 , 84.00 
18,2,0.001, 84.00 , 84.00 
19,2,0.001, 84.00 , 84.00 
19,2,0.001, 84.00 , 84.00 
19,2,0.001, 84.00 , 84.00 
20,2,0.001, 84.00 , 84.00 
20,2,0.001, 84.00 , 84.00 
20,2,0.001, 84.00 , 84.00 
21,2,0.001, 84.00 , 84.00 
21,2,0.001, 84.00 , 84.00 
21,2,0.001, 84.00 , 84.00 
22,2,0.001, 84.00 , 84.00 
22,2,0.001, 84.00 , 84.00 
22,2,0.001, 84.00 , 84.00 
23,2,0.001, 84.00 , 84.00 
23,2,0.001, 84.00 , 84.00 
23,2,0.001, 84.00 , 84.00 
24,2,0.001, 84.00 , 84.00 
24,2,0.001, 77.22 , 81.93 
24,2,0.001, 84.00 , 84.00 
25,2,0.001, 84.00 , 84.00 
25,2,0.001, 84.00 , 84.00 
25,2,0.001, 84.00 , 84.00 
26,2,0.001, 84.00 , 84.00 
26,2,0.001, 84.00 , 84.00 
26,2,0.001, 84.00 , 84.00 
27,2,0.001, 61.63 , 60.44 
27,2,0.001, 66.69 , 67.39 
27,2,0.001, 62.07 , 60.55 
28,2,0.001, 84.00 , 84.00 
28,2,0.001, 84.00 , 84.00 
28,2,0.001, 84.00 , 84.00 
29,2,0.001, 84.00 , 84.00 
29,2,0.001, 84.00 , 81.38 
29,2,0.001, 84.00 , 80.58 
30,2,0.001, 71.80 , 84.00 
30,2,0.001, 71.69 , 69.08 
30,2,0.001, 73.73 , 72.19 
31,2,0.001, 49.94 , 40.96 
31,2,0.001, 41.76 , 43.83 
31,2,0.001, 40.22 , 40.83 
32,2,0.001, 72.03 , 71.37 
32,2,0.001, 68.67 , 64.90 
32,2,0.001, 84.00 , 84.00 
33,2,0.001, 84.00 , 84.00 
33,2,0.001, 84.00 , 84.00 
33,2,0.001, 84.00 , 84.00 
34,2,0.001, 84.00 , 84.00 
34,2,0.001, 84.00 , 84.00 
34,2,0.001, 84.00 , 84.00 
35,2,0.001, 68.30 , 68.88 
35,2,0.001, 62.62 , 74.00 
35,2,0.001, 55.51 , 84.00 
36,2,0.001, 84.00 , 84.00 
36,2,0.001, 84.00 , 84.00 
36,2,0.001, 84.00 , 84.00 
37,2,0.001, 84.00 , 84.00 
37,2,0.001, 84.00 , 84.00 
37,2,0.001, 84.00 , 84.00 
38,2,0.001, 84.00 , 84.00 
38,2,0.001, 84.00 , 84.00 
38,2,0.001, 84.00 , 84.00 
39,2,0.001, 84.00 , 84.00 
39,2,0.001, 84.00 , 84.00 
39,2,0.001, 84.00 , 84.00 
40,2,0.001, 84.00 , 84.00 
40,2,0.001, 84.00 , 84.00 
40,2,0.001, 84.00 , 84.00 
41,2,0.001, 57.72 , 57.88 
41,2,0.001, 46.00 , 84.00 
41,2,0.001, 58.52 , 62.14 
42,2,0.001, 47.47 , 49.23 
42,2,0.001, 53.79 , 46.22 
42,2,0.001, 49.17 , 49.60 
43,2,0.001, 84.00 , 84.00 
43,2,0.001, 84.00 , 84.00 
43,2,0.001, 84.00 , 84.00 
44,2,0.001, 84.00 , 83.00 
44,2,0.001, 84.00 , 83.00 
44,2,0.001, 84.00 , 81.77 
45,2,0.001, 84.00 , 84.00 
45,2,0.001, 84.00 , 84.00 
45,2,0.001, 84.00 , 84.00 
46,2,0.001, 84.00 , 84.00 
46,2,0.001, 84.00 , 84.00 
46,2,0.001, 84.00 , 84.00 
47,2,0.001, 84.00 , 84.00 
47,2,0.001, 84.00 , 84.00 
47,2,0.001, 84.00 , 84.00 
48,2,0.001, 84.00 , 84.00 
48,2,0.001, 84.00 , 84.00 
48,2,0.001, 84.00 , 84.00 
49,2,0.001, 84.00 , 84.00 
49,2,0.001, 84.00 , 84.00 
49,2,0.001, 84.00 , 84.00 
50,2,0.001, 84.00 , 84.00 
50,2,0.001, 78.62 , 82.46 
50,2,0.001, 80.89 , 80.95 
1,2,0.005, 84.00 , 84.00 
1,2,0.005, 84.00 , 84.00 
1,2,0.005, 84.00 , 84.00 
2,2,0.005, 80.49 , 83.12 
2,2,0.005, 84.00 , 81.80 
2,2,0.005, 81.00 , 82.00 
3,2,0.005, 84.00 , 84.00 
3,2,0.005, 84.00 , 84.00 
3,2,0.005, 84.00 , 84.00 
4,2,0.005, 84.00 , 84.00 
4,2,0.005, 84.00 , 84.00 
4,2,0.005, 84.00 , 84.00 
5,2,0.005, 72.38 , 84.00 
5,2,0.005, 80.00 , 80.00 
5,2,0.005, 69.93 , 81.64 
6,2,0.005, 84.00 , 84.00 
6,2,0.005, 84.00 , 84.00 
6,2,0.005, 84.00 , 84.00 
7,2,0.005, 84.00 , 78.45 
7,2,0.005, 83.00 , 83.00 
7,2,0.005, 84.00 , 84.00 
8,2,0.005, 84.00 , 84.00 
8,2,0.005, 84.00 , 84.00 
8,2,0.005, 84.00 , 83.20 
9,2,0.005, 84.00 , 84.00 
9,2,0.005, 84.00 , 84.00 
9,2,0.005, 80.99 , 81.29 
10,2,0.005, 84.00 , 84.00 
10,2,0.005, 84.00 , 84.00 
10,2,0.005, 84.00 , 84.00 
11,2,0.005, 84.00 , 84.00 
11,2,0.005, 84.00 , 84.00 
11,2,0.005, 84.00 , 84.00 
12,2,0.005, 84.00 , 84.00 
12,2,0.005, 84.00 , 82.53 
12,2,0.005, 84.00 , 80.97 
13,2,0.005, 84.00 , 84.00 
13,2,0.005, 84.00 , 84.00 
13,2,0.005, 84.00 , 84.00 
14,2,0.005, 76.70 , 76.53 
14,2,0.005, 75.23 , 74.49 
14,2,0.005, 76.64 , 75.67 
15,2,0.005, 84.00 , 84.00 
15,2,0.005, 84.00 , 84.00 
15,2,0.005, 84.00 , 84.00 
16,2,0.005, 84.00 , 84.00 
16,2,0.005, 84.00 , 84.00 
16,2,0.005, 84.00 , 84.00 
17,2,0.005, 84.00 , 84.00 
17,2,0.005, 84.00 , 84.00 
17,2,0.005, 84.00 , 81.26 
18,2,0.005, 84.00 , 84.00 
18,2,0.005, 84.00 , 84.00 
18,2,0.005, 84.00 , 84.00 
19,2,0.005, 84.00 , 84.00 
19,2,0.005, 84.00 , 84.00 
19,2,0.005, 84.00 , 84.00 
20,2,0.005, 74.84 , 84.00 
20,2,0.005, 81.30 , 84.00 
20,2,0.005, 79.75 , 84.00 
21,2,0.005, 84.00 , 84.00 
21,2,0.005, 84.00 , 84.00 
21,2,0.005, 84.00 , 84.00 
22,2,0.005, 84.00 , 84.00 
22,2,0.005, 84.00 , 84.00 
22,2,0.005, 84.00 , 84.00 
23,2,0.005, 84.00 , 84.00 
23,2,0.005, 84.00 , 84.00 
23,2,0.005, 84.00 , 84.00 
24,2,0.005, 84.00 , 84.00 
24,2,0.005, 81.00 , 78.00 
24,2,0.005, 84.00 , 80.94 
25,2,0.005, 84.00 , 84.00 
25,2,0.005, 84.00 , 84.00 
25,2,0.005, 84.00 , 84.00 
26,2,0.005, 84.00 , 84.00 
26,2,0.005, 84.00 , 84.00 
26,2,0.005, 84.00 , 84.00 
27,2,0.005, 60.94 , 60.51 
27,2,0.005, 60.40 , 60.69 
27,2,0.005, 61.77 , 62.00 
28,2,0.005, 84.00 , 84.00 
28,2,0.005, 84.00 , 84.00 
28,2,0.005, 84.00 , 84.00 
29,2,0.005, 84.00 , 84.00 
29,2,0.005, 82.00 , 82.00 
29,2,0.005, 81.00 , 81.00 
30,2,0.005, 73.12 , 71.14 
30,2,0.005, 71.14 , 69.25 
30,2,0.005, 66.48 , 71.30 
31,2,0.005, 48.15 , 40.33 
31,2,0.005, 40.18 , 40.22 
31,2,0.005, 39.73 , 38.83 
32,2,0.005, 69.94 , 72.14 
32,2,0.005, 64.23 , 63.54 
32,2,0.005, 82.24 , 73.97 
33,2,0.005, 84.00 , 84.00 
33,2,0.005, 84.00 , 84.00 
33,2,0.005, 84.00 , 84.00 
34,2,0.005, 84.00 , 84.00 
34,2,0.005, 84.00 , 84.00 
34,2,0.005, 84.00 , 82.79 
35,2,0.005, 63.53 , 74.00 
35,2,0.005, 65.75 , 64.49 
35,2,0.005, 67.82 , 62.80 
36,2,0.005, 84.00 , 84.00 
36,2,0.005, 84.00 , 84.00 
36,2,0.005, 84.00 , 84.00 
37,2,0.005, 84.00 , 84.00 
37,2,0.005, 84.00 , 84.00 
37,2,0.005, 84.00 , 84.00 
38,2,0.005, 84.00 , 84.00 
38,2,0.005, 84.00 , 84.00 
38,2,0.005, 84.00 , 84.00 
39,2,0.005, 84.00 , 84.00 
39,2,0.005, 84.00 , 84.00 
39,2,0.005, 84.00 , 84.00 
40,2,0.005, 84.00 , 84.00 
40,2,0.005, 84.00 , 84.00 
40,2,0.005, 84.00 , 84.00 
41,2,0.005, 55.46 , 57.93 
41,2,0.005, 58.63 , 60.64 
41,2,0.005, 60.14 , 60.41 
42,2,0.005, 48.72 , 47.90 
42,2,0.005, 48.20 , 48.90 
42,2,0.005, 51.01 , 47.77 
43,2,0.005, 84.00 , 84.00 
43,2,0.005, 84.00 , 84.00 
43,2,0.005, 84.00 , 84.00 
44,2,0.005, 84.00 , 82.00 
44,2,0.005, 83.00 , 83.08 
44,2,0.005, 84.00 , 79.82 
45,2,0.005, 84.00 , 84.00 
45,2,0.005, 84.00 , 84.00 
45,2,0.005, 84.00 , 84.00 
46,2,0.005, 84.00 , 84.00 
46,2,0.005, 84.00 , 84.00 
46,2,0.005, 84.00 , 79.80 
47,2,0.005, 84.00 , 84.00 
47,2,0.005, 84.00 , 84.00 
47,2,0.005, 84.00 , 84.00 
48,2,0.005, 84.00 , 84.00 
48,2,0.005, 84.00 , 84.00 
48,2,0.005, 84.00 , 80.65 
49,2,0.005, 84.00 , 84.00 
49,2,0.005, 84.00 , 84.00 
49,2,0.005, 84.00 , 83.50 
50,2,0.005, 84.00 , 84.00 
50,2,0.005, 80.01 , 81.00 
50,2,0.005, 81.50 , 79.00 
1,2,0.01, 84.00 , 84.00 
1,2,0.01, 84.00 , 84.00 
1,2,0.01, 84.00 , 84.00 
2,2,0.01, 80.02 , 80.82 
2,2,0.01, 81.03 , 81.73 
2,2,0.01, 80.89 , 80.72 
3,2,0.01, 84.00 , 84.00 
3,2,0.01, 84.00 , 84.00 
3,2,0.01, 84.00 , 84.00 
4,2,0.01, 84.00 , 84.00 
4,2,0.01, 84.00 , 84.00 
4,2,0.01, 84.00 , 84.00 
5,2,0.01, 77.82 , 77.92 
5,2,0.01, 79.16 , 79.29 
5,2,0.01, 74.71 , 74.81 
6,2,0.01, 84.00 , 84.00 
6,2,0.01, 84.00 , 84.00 
6,2,0.01, 84.00 , 84.00 
7,2,0.01, 80.72 , 80.72 
7,2,0.01, 82.83 , 82.10 
7,2,0.01, 84.00 , 84.00 
8,2,0.01, 84.00 , 84.00 
8,2,0.01, 84.00 , 84.00 
8,2,0.01, 82.10 , 82.82 
9,2,0.01, 84.00 , 84.00 
9,2,0.01, 84.00 , 84.00 
9,2,0.01, 80.19 , 80.82 
10,2,0.01, 84.00 , 84.00 
10,2,0.01, 84.00 , 84.00 
10,2,0.01, 84.00 , 84.00 
11,2,0.01, 84.00 , 84.00 
11,2,0.01, 84.00 , 84.00 
11,2,0.01, 84.00 , 84.00 
12,2,0.01, 84.00 , 84.00 
12,2,0.01, 82.18 , 82.01 
12,2,0.01, 80.84 , 80.01 
13,2,0.01, 84.00 , 84.00 
13,2,0.01, 84.00 , 84.00 
13,2,0.01, 84.00 , 84.00 
14,2,0.01, 75.98 , 75.02 
14,2,0.01, 73.01 , 73.01 
14,2,0.01, 75.92 , 75.29 
15,2,0.01, 84.00 , 84.00 
15,2,0.01, 84.00 , 84.00 
15,2,0.01, 84.00 , 84.00 
16,2,0.01, 84.00 , 84.00 
16,2,0.01, 84.00 , 84.00 
16,2,0.01, 84.00 , 84.00 
17,2,0.01, 84.00 , 84.00 
17,2,0.01, 84.00 , 84.00 
17,2,0.01, 80.93 , 84.00 
18,2,0.01, 84.00 , 84.00 
18,2,0.01, 84.00 , 84.00 
18,2,0.01, 84.00 , 84.00 
19,2,0.01, 84.00 , 84.00 
19,2,0.01, 84.00 , 84.00 
19,2,0.01, 84.00 , 84.00 
20,2,0.01, 77.82 , 77.37 
20,2,0.01, 81.11 , 81.39 
20,2,0.01, 80.49 , 80.28 
21,2,0.01, 84.00 , 84.00 
21,2,0.01, 84.00 , 84.00 
21,2,0.01, 84.00 , 84.00 
22,2,0.01, 84.00 , 84.00 
22,2,0.01, 84.00 , 84.00 
22,2,0.01, 84.00 , 84.00 
23,2,0.01, 84.00 , 84.00 
23,2,0.01, 84.00 , 84.00 
23,2,0.01, 84.00 , 84.00 
24,2,0.01, 84.00 , 84.00 
24,2,0.01, 77.82 , 77.92 
24,2,0.01, 81.38 , 81.83 
25,2,0.01, 84.00 , 84.00 
25,2,0.01, 84.00 , 84.00 
25,2,0.01, 84.00 , 84.00 
26,2,0.01, 84.00 , 84.00 
26,2,0.01, 84.00 , 84.00 
26,2,0.01, 84.00 , 84.00 
27,2,0.01, 59.92 , 59.02 
27,2,0.01, 59.28 , 59.29 
27,2,0.01, 59.22 , 60.83 
28,2,0.01, 84.00 , 84.00 
28,2,0.01, 84.00 , 84.00 
28,2,0.01, 84.00 , 84.00 
29,2,0.01, 84.00 , 84.00 
29,2,0.01, 81.22 , 80.85 
29,2,0.01, 80.73 , 80.44 
30,2,0.01, 71.48 , 70.47 
30,2,0.01, 69.83 , 69.88 
30,2,0.01, 67.83 , 67.33 
31,2,0.01, 43.84 , 44.02 
31,2,0.01, 39.84 , 36.09 
31,2,0.01, 38.94 , 38.22 
32,2,0.01, 70.33 , 70.47 
32,2,0.01, 62.48 , 62.85 
32,2,0.01, 77.77 , 77.48 
33,2,0.01, 84.00 , 84.00 
33,2,0.01, 84.00 , 84.00 
33,2,0.01, 84.00 , 84.00 
34,2,0.01, 84.00 , 84.00 
34,2,0.01, 84.00 , 84.00 
34,2,0.01, 82.84 , 82.83 
35,2,0.01, 67.29 , 67.83 
35,2,0.01, 64.82 , 64.92 
35,2,0.01, 64.33 , 64.39 
36,2,0.01, 84.00 , 84.00 
36,2,0.01, 84.00 , 84.00 
36,2,0.01, 84.00 , 84.00 
37,2,0.01, 84.00 , 84.00 
37,2,0.01, 84.00 , 84.00 
37,2,0.01, 84.00 , 84.00 
38,2,0.01, 84.00 , 84.00 
38,2,0.01, 84.00 , 84.00 
38,2,0.01, 84.00 , 84.00 
39,2,0.01, 84.00 , 84.00 
39,2,0.01, 84.00 , 84.00 
39,2,0.01, 84.00 , 84.00 
40,2,0.01, 84.00 , 84.00 
40,2,0.01, 84.00 , 84.00 
40,2,0.01, 84.00 , 84.00 
41,2,0.01, 55.83 , 55.38 
41,2,0.01, 56.83 , 55.38 
41,2,0.01, 58.82 , 57.72 
42,2,0.01, 45.38 , 45.38 
42,2,0.01, 48.83 , 46.84 
42,2,0.01, 48.22 , 48.94 
43,2,0.01, 84.00 , 84.00 
43,2,0.01, 84.00 , 84.00 
43,2,0.01, 84.00 , 84.00 
44,2,0.01, 83.43 , 80.83 
44,2,0.01, 81.83 , 82.39 
44,2,0.01, 79.87 , 79.27 
45,2,0.01, 84.00 , 84.00 
45,2,0.01, 84.00 , 84.00 
45,2,0.01, 84.00 , 84.00 
46,2,0.01, 84.00 , 84.00 
46,2,0.01, 84.00 , 84.00 
46,2,0.01, 80.22 , 80.04 
47,2,0.01, 84.00 , 84.00 
47,2,0.01, 84.00 , 84.00 
47,2,0.01, 84.00 , 84.00 
48,2,0.01, 84.00 , 84.00 
48,2,0.01, 80.83 , 79.82 
48,2,0.01, 84.00 , 84.00 
49,2,0.01, 84.00 , 84.00 
49,2,0.01, 84.00 , 84.00 
49,2,0.01, 82.84 , 81.48 
50,2,0.01, 82.84 , 83.00 
50,2,0.01, 79.83 , 79.23 
50,2,0.01, 78.74 , 80.38 
1,2,0.05, 84.00 , 84.00 
1,2,0.05, 84.00 , 84.00 
1,2,0.05, 84.00 , 84.00 
2,2,0.05, 79.83 , 79.73 
2,2,0.05, 79.34 , 79.73 
2,2,0.05, 78.83 , 78.83 
3,2,0.05, 84.00 , 84.00 
3,2,0.05, 80.80 , 80.13 
3,2,0.05, 74.31 , 76.79 
4,2,0.05, 84.00 , 84.00 
4,2,0.05, 84.00 , 84.00 
4,2,0.05, 84.00 , 84.00 
5,2,0.05, 75.73 , 75.83 
5,2,0.05, 77.73 , 77.73 
5,2,0.05, 71.84 , 72.74 
6,2,0.05, 84.00 , 84.00 
6,2,0.05, 84.00 , 84.00 
6,2,0.05, 84.00 , 84.00 
7,2,0.05, 78.73 , 78.72 
7,2,0.05, 80.83 , 80.47 
7,2,0.05, 82.74 , 83.00 
8,2,0.05, 81.84 , 80.73 
8,2,0.05, 80.87 , 82.84 
8,2,0.05, 80.83 , 80.73 
9,2,0.05, 82.74 , 82.75 
9,2,0.05, 81.84 , 81.84 
9,2,0.05, 78.87 , 78.77 
10,2,0.05, 84.00 , 84.00 
10,2,0.05, 84.00 , 84.00 
10,2,0.05, 84.00 , 84.00 
11,2,0.05, 84.00 , 84.00 
11,2,0.05, 84.00 , 84.00 
11,2,0.05, 84.00 , 84.00 
12,2,0.05, 81.73 , 82.84 
12,2,0.05, 80.83 , 79.39 
12,2,0.05, 78.83 , 78.88 
13,2,0.05, 84.00 , 84.00 
13,2,0.05, 84.00 , 84.00 
13,2,0.05, 84.00 , 84.00 
14,2,0.05, 74.83 , 74.83 
14,2,0.05, 70.83 , 70.83 
14,2,0.05, 73.84 , 73.74 
15,2,0.05, 84.00 , 84.00 
15,2,0.05, 84.00 , 84.00 
15,2,0.05, 84.00 , 84.00 
16,2,0.05, 80.14 , 84.00 
16,2,0.05, 84.00 , 84.00 
16,2,0.05, 84.00 , 84.00 
17,2,0.05, 82.74 , 82.84 
17,2,0.05, 77.16 , 77.73 
17,2,0.05, 70.05 , 81.96 
18,2,0.05, 84.00 , 84.00 
18,2,0.05, 84.00 , 84.00 
18,2,0.05, 84.00 , 84.00 
19,2,0.05, 84.00 , 84.00 
19,2,0.05, 84.00 , 84.00 
19,2,0.05, 84.00 , 84.00 
20,2,0.05, 74.72 , 74.83 
20,2,0.05, 78.83 , 78.73 
20,2,0.05, 78.73 , 79.83 
21,2,0.05, 84.00 , 84.00 
21,2,0.05, 84.00 , 84.00 
21,2,0.05, 84.00 , 84.00 
22,2,0.05, 84.00 , 84.00 
22,2,0.05, 84.00 , 84.00 
22,2,0.05, 84.00 , 84.00 
23,2,0.05, 84.00 , 84.00 
23,2,0.05, 84.00 , 84.00 
23,2,0.05, 84.00 , 84.00 
24,2,0.05, 79.83 , 80.83 
24,2,0.05, 76.22 , 74.23 
24,2,0.05, 78.92 , 78.40 
25,2,0.05, 84.00 , 84.00 
25,2,0.05, 84.00 , 84.00 
25,2,0.05, 84.00 , 84.00 
26,2,0.05, 84.00 , 84.00 
26,2,0.05, 84.00 , 84.00 
26,2,0.05, 84.00 , 84.00 
27,2,0.05, 56.28 , 56.37 
27,2,0.05, 55.72 , 55.83 
27,2,0.05, 58.99 , 58.01 
28,2,0.05, 84.00 , 84.00 
28,2,0.05, 84.00 , 84.00 
28,2,0.05, 79.16 , 84.00 
29,2,0.05, 81.11 , 81.83 
29,2,0.05, 80.83 , 80.78 
29,2,0.05, 79.83 , 77.77 
30,2,0.05, 67.83 , 67.84 
30,2,0.05, 65.73 , 65.38 
30,2,0.05, 65.73 , 65.73 
31,2,0.05, 42.84 , 42.84 
31,2,0.05, 36.83 , 36.83 
31,2,0.05, 35.73 , 35.73 
32,2,0.05, 68.84 , 68.93 
32,2,0.05, 60.83 , 60.33 
32,2,0.05, 75.33 , 75.02 
33,2,0.05, 84.00 , 84.00 
33,2,0.05, 84.00 , 84.00 
33,2,0.05, 84.00 , 78.42 
34,2,0.05, 45.61 , 71.12 
34,2,0.05, 70.14 , 76.60 
34,2,0.05, 67.83 , 79.27 
35,2,0.05, 60.48 , 59.67 
35,2,0.05, 57.28 , 59.91 
35,2,0.05, 59.91 , 58.36 
36,2,0.05, 84.00 , 84.00 
36,2,0.05, 84.00 , 84.00 
36,2,0.05, 84.00 , 84.00 
37,2,0.05, 84.00 , 84.00 
37,2,0.05, 84.00 , 84.00 
37,2,0.05, 84.00 , 84.00 
38,2,0.05, 84.00 , 84.00 
38,2,0.05, 84.00 , 84.00 
38,2,0.05, 84.00 , 84.00 
39,2,0.05, 84.00 , 84.00 
39,2,0.05, 84.00 , 84.00 
39,2,0.05, 84.00 , 84.00 
40,2,0.05, 84.00 , 84.00 
40,2,0.05, 84.00 , 84.00 
40,2,0.05, 84.00 , 84.00 
41,2,0.05, 29.16 , 35.32 
41,2,0.05, 46.16 , 40.78 
41,2,0.05, 42.74 , 41.57 
42,2,0.05, 50.08 , 48.27 
42,2,0.05, 48.67 , 43.71 
42,2,0.05, 36.44 , 38.74 
43,2,0.05, 84.00 , 84.00 
43,2,0.05, 84.00 , 84.00 
43,2,0.05, 84.00 , 80.09 
44,2,0.05, 80.83 , 80.72 
44,2,0.05, 79.83 , 79.83 
44,2,0.05, 77.80 , 77.72 
45,2,0.05, 84.00 , 84.00 
45,2,0.05, 84.00 , 84.00 
45,2,0.05, 84.00 , 84.00 
46,2,0.05, 81.74 , 81.74 
46,2,0.05, 82.84 , 80.83 
46,2,0.05, 77.73 , 76.73 
47,2,0.05, 84.00 , 84.00 
47,2,0.05, 84.00 , 84.00 
47,2,0.05, 84.00 , 84.00 
48,2,0.05, 81.74 , 82.84 
48,2,0.05, 77.73 , 77.73 
48,2,0.05, 82.74 , 83.00 
49,2,0.05, 80.83 , 69.73 
49,2,0.05, 82.84 , 81.80 
49,2,0.05, 81.84 , 79.84 
50,2,0.05, 80.83 , 79.83 
50,2,0.05, 75.73 , 75.66 
50,2,0.05, 76.73 , 77.72 
1,2,0.1, 74.01 , 74.73 
1,2,0.1, 81.25 , 82.25 
1,2,0.1, 84.00 , 80.83 
2,2,0.1, 75.00 , 75.92 
2,2,0.1, 72.41 , 73.54 
2,2,0.1, 77.34 , 77.54 
3,2,0.1, 57.61 , 66.39 
3,2,0.1, 59.19 , 51.06 
3,2,0.1, 59.02 , 65.21 
4,2,0.1, 61.13 , 64.22 
4,2,0.1, 72.70 , 75.74 
4,2,0.1, 59.19 , 52.15 
5,2,0.1, 73.79 , 73.79 
5,2,0.1, 79.88 , 74.28 
5,2,0.1, 70.87 , 70.83 
6,2,0.1, 82.19 , 82.19 
6,2,0.1, 75.42 , 72.74 
6,2,0.1, 57.57 , 63.59 
7,2,0.1, 41.07 , 41.07 
7,2,0.1, 57.19 , 63.16 
7,2,0.1, 53.87 , 53.09 
8,2,0.1, 51.40 , 65.57 
8,2,0.1, 69.01 , 61.19 
8,2,0.1, 67.33 , 52.01 
9,2,0.1, 62.44 , 50.41 
9,2,0.1, 64.71 , 51.48 
9,2,0.1, 55.91 , 59.73 
10,2,0.1, 74.48 , 70.18 
10,2,0.1, 73.80 , 76.53 
10,2,0.1, 77.43 , 77.43 
11,2,0.1, 70.45 , 74.27 
11,2,0.1, 66.30 , 64.75 
11,2,0.1, 72.55 , 69.66 
12,2,0.1, 64.97 , 64.97 
12,2,0.1, 66.14 , 61.50 
12,2,0.1, 69.75 , 71.76 
13,2,0.1, 60.10 , 65.33 
13,2,0.1, 67.28 , 68.17 
13,2,0.1, 64.33 , 60.72 
14,2,0.1, 75.04 , 71.00 
14,2,0.1, 84.00 , 80.05 
14,2,0.1, 78.56 , 78.22 
15,2,0.1, 71.11 , 76.31 
15,2,0.1, 72.23 , 78.59 
15,2,0.1, 69.90 , 72.72 
16,2,0.1, 71.36 , 70.44 
16,2,0.1, 75.86 , 68.30 
16,2,0.1, 66.81 , 70.78 
17,2,0.1, 47.89 , 46.14 
17,2,0.1, 64.84 , 57.39 
17,2,0.1, 44.70 , 46.15 
18,2,0.1, 75.25 , 84.00 
18,2,0.1, 65.68 , 63.62 
18,2,0.1, 73.61 , 71.45 
19,2,0.1, 75.76 , 79.10 
19,2,0.1, 74.09 , 75.40 
19,2,0.1, 84.00 , 80.65 
20,2,0.1, 63.98 , 67.21 
20,2,0.1, 66.01 , 66.64 
20,2,0.1, 71.75 , 74.93 
21,2,0.1, 75.57 , 76.79 
21,2,0.1, 84.00 , 82.70 
21,2,0.1, 74.76 , 74.63 
22,2,0.1, 76.31 , 79.23 
22,2,0.1, 84.00 , 81.68 
22,2,0.1, 84.00 , 84.00 
23,2,0.1, 60.96 , 50.38 
23,2,0.1, 45.54 , 56.04 
23,2,0.1, 41.53 , 53.38 
24,2,0.1, 57.72 , 66.62 
24,2,0.1, 62.57 , 62.56 
24,2,0.1, 32.07 , 29.64 
25,2,0.1, 65.17 , 57.48 
25,2,0.1, 69.31 , 63.15 
25,2,0.1, 65.71 , 57.08 
26,2,0.1, 45.66 , 41.46 
26,2,0.1, 37.31 , 39.07 
26,2,0.1, 44.85 , 43.87 
27,2,0.1, 25.41 , 25.41 
27,2,0.1, 23.61 , 21.97 
27,2,0.1, 21.51 , 18.21 
28,2,0.1, 77.92 , 77.21 
28,2,0.1, 77.78 , 78.21 
28,2,0.1, 62.62 , 65.12 
29,2,0.1, 68.52 , 57.31 
29,2,0.1, 67.70 , 61.34 
29,2,0.1, 60.84 , 58.77 
30,2,0.1, 56.04 , 57.71 
30,2,0.1, 61.39 , 55.60 
30,2,0.1, 57.05 , 51.16 
31,2,0.1, 28.08 , 23.75 
31,2,0.1, 34.38 , 27.51 
31,2,0.1, 25.87 , 22.89 
32,2,0.1, 16.34 , 18.91 
32,2,0.1, 20.76 , 15.25 
32,2,0.1, 16.11 , 18.89 
33,2,0.1, 73.61 , 74.62 
33,2,0.1, 74.79 , 76.07 
33,2,0.1, 76.55 , 73.03 
34,2,0.1, 41.47 , 29.03 
34,2,0.1, 29.68 , 27.70 
34,2,0.1, 22.89 , 25.91 
35,2,0.1, 23.21 , 22.37 
35,2,0.1, 27.16 , 27.37 
35,2,0.1, 22.43 , 23.28 
36,2,0.1, 66.21 , 68.93 
36,2,0.1, 73.79 , 78.59 
36,2,0.1, 82.30 , 81.51 
37,2,0.1, 69.84 , 70.43 
37,2,0.1, 56.89 , 58.03 
37,2,0.1, 55.06 , 55.06 
38,2,0.1, 84.00 , 82.40 
38,2,0.1, 84.00 , 79.42 
38,2,0.1, 84.00 , 77.64 
39,2,0.1, 33.55 , 33.52 
39,2,0.1, 72.93 , 71.32 
39,2,0.1, 44.83 , 50.29 
40,2,0.1, 54.25 , 61.76 
40,2,0.1, 75.52 , 84.00 
40,2,0.1, 53.64 , 55.06 
41,2,0.1, 23.47 , 19.84 
41,2,0.1, 18.78 , 18.78 
41,2,0.1, 19.66 , 16.16 
42,2,0.1, 25.21 , 23.08 
42,2,0.1, 23.75 , 21.87 
42,2,0.1, 25.98 , 22.79 
43,2,0.1, 64.44 , 64.44 
43,2,0.1, 84.00 , 84.00 
43,2,0.1, 59.19 , 56.62 
44,2,0.1, 49.51 , 48.57 
44,2,0.1, 49.51 , 48.57 
44,2,0.1, 61.31 , 57.81 
45,2,0.1, 62.95 , 59.34 
45,2,0.1, 52.55 , 48.18 
45,2,0.1, 84.00 , 78.70 
46,2,0.1, 73.93 , 77.67 
46,2,0.1, 77.64 , 77.64 
46,2,0.1, 77.64 , 75.00 
47,2,0.1, 46.85 , 44.88 
47,2,0.1, 52.36 , 46.48 
47,2,0.1, 47.52 , 40.38 
48,2,0.1, 54.69 , 52.20 
48,2,0.1, 62.42 , 59.62 
48,2,0.1, 84.00 , 78.82 
49,2,0.1, 61.49 , 54.26 
49,2,0.1, 61.21 , 62.88 
49,2,0.1, 57.79 , 53.70 
50,2,0.1, 63.12 , 73.87 
50,2,0.1, 64.29 , 66.38 
50,2,0.1, 20.61 , 19.57 
1,2,0.5, 18.44 , 17.79 
1,2,0.5, 38.53 , 34.00 
1,2,0.5, 21.09 , 18.30 
2,2,0.5, 25.72 , 22.86 
2,2,0.5, 19.54 , 17.00 
2,2,0.5, 11.35 , 11.38 
3,2,0.5, 16.87 , 17.82 
3,2,0.5, 13.66 , 13.66 
3,2,0.5, 14.64 , 12.48 
4,2,0.5, 37.34 , 35.71 
4,2,0.5, 20.18 , 18.26 
4,2,0.5, 27.28 , 25.21 
5,2,0.5, 21.22 , 14.50 
5,2,0.5, 16.22 , 14.68 
5,2,0.5, 24.90 , 21.56 
6,2,0.5, 6.00 , 6.00 
6,2,0.5, 10.19 , 10.19 
6,2,0.5, 10.96 , 10.38 
7,2,0.5, 11.26 , 10.35 
7,2,0.5, 13.92 , 11.71 
7,2,0.5, 11.72 , 11.72 
8,2,0.5, 6.00 , 6.00 
8,2,0.5, 6.00 , 6.00 
8,2,0.5, 15.10 , 12.34 
9,2,0.5, 46.69 , 27.69 
9,2,0.5, 30.26 , 18.28 
9,2,0.5, 31.85 , 22.20 
10,2,0.5, 32.28 , 28.89 
10,2,0.5, 36.27 , 33.02 
10,2,0.5, 27.73 , 26.02 
11,2,0.5, 9.75 , 8.97 
11,2,0.5, 12.12 , 11.55 
11,2,0.5, 6.00 , 6.00 
12,2,0.5, 18.10 , 14.32 
12,2,0.5, 12.74 , 12.14 
12,2,0.5, 24.94 , 20.48 
13,2,0.5, 46.82 , 39.69 
13,2,0.5, 24.21 , 24.21 
13,2,0.5, 24.21 , 19.82 
14,2,0.5, 29.18 , 20.10 
14,2,0.5, 35.43 , 32.21 
14,2,0.5, 34.50 , 24.39 
15,2,0.5, 29.36 , 34.27 
15,2,0.5, 14.32 , 12.51 
15,2,0.5, 14.62 , 14.62 
16,2,0.5, 8.66 , 8.66 
16,2,0.5, 8.66 , 8.66 
16,2,0.5, 24.11 , 15.23 
17,2,0.5, 11.33 , 11.90 
17,2,0.5, 41.12 , 30.64 
17,2,0.5, 27.25 , 16.63 
18,2,0.5, 16.91 , 12.84 
18,2,0.5, 22.08 , 19.58 
18,2,0.5, 39.09 , 32.20 
19,2,0.5, 36.26 , 36.28 
19,2,0.5, 32.45 , 29.05 
19,2,0.5, 51.21 , 60.78 
20,2,0.5, 47.14 , 31.69 
20,2,0.5, 21.97 , 18.55 
20,2,0.5, 17.73 , 16.16 
21,2,0.5, 18.07 , 15.60 
21,2,0.5, 31.84 , 17.74 
21,2,0.5, 8.66 , 10.47 
22,2,0.5, 57.10 , 22.19 
22,2,0.5, 10.72 , 10.72 
22,2,0.5, 36.26 , 17.47 
23,2,0.5, 23.69 , 23.07 
23,2,0.5, 9.35 , 9.35 
23,2,0.5, 14.23 , 12.56 
24,2,0.5, 37.23 , 31.88 
24,2,0.5, 7.73 , 7.73 
24,2,0.5, 28.62 , 20.87 
25,2,0.5, 13.30 , 13.30 
25,2,0.5, 32.09 , 27.26 
25,2,0.5, 18.84 , 13.55 
26,2,0.5, 22.97 , 25.98 
26,2,0.5, 15.52 , 13.00 
26,2,0.5, 20.74 , 23.32 
27,2,0.5, 10.41 , 9.40 
27,2,0.5, 9.41 , 9.70 
27,2,0.5, 6.00 , 6.00 
28,2,0.5, 39.50 , 37.77 
28,2,0.5, 36.93 , 31.77 
28,2,0.5, 21.75 , 20.75 
29,2,0.5, 16.14 , 14.15 
29,2,0.5, 27.64 , 16.64 
29,2,0.5, 21.57 , 14.33 
30,2,0.5, 32.74 , 24.44 
30,2,0.5, 33.27 , 28.31 
30,2,0.5, 34.56 , 30.65 
31,2,0.5, 14.07 , 11.98 
31,2,0.5, 13.20 , 12.01 
31,2,0.5, 16.87 , 9.00 
32,2,0.5, 10.08 , 6.00 
32,2,0.5, 8.06 , 6.00 
32,2,0.5, 8.47 , 8.47 
33,2,0.5, 15.16 , 12.05 
33,2,0.5, 38.27 , 18.52 
33,2,0.5, 28.21 , 19.72 
34,2,0.5, 16.38 , 15.60 
34,2,0.5, 21.20 , 15.11 
34,2,0.5, 24.88 , 18.53 
35,2,0.5, 14.32 , 13.63 
35,2,0.5, 6.94 , 6.94 
35,2,0.5, 7.00 , 7.00 
36,2,0.5, 13.11 , 10.11 
36,2,0.5, 12.74 , 10.08 
36,2,0.5, 14.60 , 14.60 
37,2,0.5, 9.34 , 9.34 
37,2,0.5, 9.02 , 9.02 
37,2,0.5, 8.04 , 8.04 
38,2,0.5, 27.68 , 19.67 
38,2,0.5, 38.40 , 25.94 
38,2,0.5, 28.50 , 22.49 
39,2,0.5, 14.06 , 7.37 
39,2,0.5, 20.71 , 18.95 
39,2,0.5, 14.91 , 12.53 
40,2,0.5, 34.12 , 37.35 
40,2,0.5, 45.26 , 31.49 
40,2,0.5, 13.74 , 10.51 
41,2,0.5, 13.27 , 6.00 
41,2,0.5, 13.35 , 10.61 
41,2,0.5, 19.44 , 18.02 
42,2,0.5, 12.78 , 12.47 
42,2,0.5, 8.39 , 9.57 
42,2,0.5, 11.51 , 10.02 
43,2,0.5, 19.48 , 10.48 
43,2,0.5, 30.22 , 26.59 
43,2,0.5, 27.50 , 17.90 
44,2,0.5, 12.89 , 10.18 
44,2,0.5, 12.56 , 11.88 
44,2,0.5, 12.39 , 12.39 
45,2,0.5, 15.50 , 16.11 
45,2,0.5, 18.38 , 19.60 
45,2,0.5, 24.71 , 19.10 
46,2,0.5, 20.18 , 14.18 
46,2,0.5, 14.93 , 12.12 
46,2,0.5, 33.07 , 19.97 
47,2,0.5, 20.82 , 12.10 
47,2,0.5, 17.74 , 12.44 
47,2,0.5, 13.88 , 15.67 
48,2,0.5, 35.10 , 23.68 
48,2,0.5, 40.92 , 21.66 
48,2,0.5, 14.85 , 15.20 
49,2,0.5, 19.09 , 14.98 
49,2,0.5, 19.35 , 14.44 
49,2,0.5, 15.17 , 15.17 
50,2,0.5, 13.85 , 12.03 
50,2,0.5, 16.06 , 12.25 
50,2,0.5, 23.25 , 18.50 
1,2,1, 11.37 , 12.93 
1,2,1, 24.10 , 17.50 
1,2,1, 13.54 , 9.36 
2,2,1, 9.74 , 9.74 
2,2,1, 14.64 , 14.03 
2,2,1, 10.73 , 10.74 
3,2,1, 8.46 , 6.00 
3,2,1, 11.28 , 11.28 
3,2,1, 14.20 , 12.17 
4,2,1, 45.52 , 19.13 
4,2,1, 13.82 , 12.03 
4,2,1, 11.53 , 10.80 
5,2,1, 12.89 , 13.01 
5,2,1, 13.19 , 11.40 
5,2,1, 11.39 , 10.47 
6,2,1, 6.00 , 6.00 
6,2,1, 6.00 , 8.25 
6,2,1, 8.82 , 8.92 
7,2,1, 6.00 , 6.00 
7,2,1, 6.00 , 6.00 
7,2,1, 6.00 , 6.00 
8,2,1, 6.00 , 6.00 
8,2,1, 6.00 , 6.00 
8,2,1, 12.80 , 8.54 
9,2,1, 6.00 , 6.00 
9,2,1, 6.00 , 9.40 
9,2,1, 25.65 , 16.23 
10,2,1, 10.26 , 8.71 
10,2,1, 10.96 , 9.60 
10,2,1, 26.90 , 15.77 
11,2,1, 10.33 , 6.00 
11,2,1, 6.00 , 6.00 
11,2,1, 6.00 , 6.00 
12,2,1, 13.87 , 13.15 
12,2,1, 8.82 , 8.35 
12,2,1, 10.09 , 10.09 
13,2,1, 46.82 , 39.69 
13,2,1, 24.21 , 24.21 
13,2,1, 24.21 , 19.82 
14,2,1, 29.18 , 20.10 
14,2,1, 35.43 , 32.21 
14,2,1, 34.50 , 24.39 
15,2,1, 29.36 , 34.27 
15,2,1, 14.32 , 12.51 
15,2,1, 14.62 , 14.62 
16,2,1, 9.23 , 6.00 
16,2,1, 9.75 , 9.75 
16,2,1, 19.06 , 15.12 
17,2,1, 6.00 , 6.00 
17,2,1, 6.00 , 6.00 
17,2,1, 20.83 , 19.38 
18,2,1, 21.37 , 11.11 
18,2,1, 10.86 , 11.01 
18,2,1, 17.02 , 10.72 
19,2,1, 10.78 , 10.23 
19,2,1, 13.92 , 9.05 
19,2,1, 18.45 , 12.82 
20,2,1, 6.00 , 6.00 
20,2,1, 6.00 , 10.73 
20,2,1, 6.00 , 9.02 
21,2,1, 16.16 , 11.29 
21,2,1, 10.37 , 9.33 
21,2,1, 10.94 , 10.46 
22,2,1, 17.99 , 13.69 
22,2,1, 24.27 , 11.86 
22,2,1, 27.40 , 16.62 
23,2,1, 16.43 , 6.00 
23,2,1, 6.00 , 6.00 
23,2,1, 8.64 , 6.00 
24,2,1, 17.14 , 15.95 
24,2,1, 10.93 , 7.30 
24,2,1, 10.21 , 9.39 
25,2,1, 13.08 , 9.27 
25,2,1, 13.42 , 12.95 
25,2,1, 8.59 , 6.00 
26,2,1, 6.00 , 6.00 
26,2,1, 6.00 , 9.45 
26,2,1, 20.66 , 11.32 
27,2,1, 9.53 , 6.00 
27,2,1, 6.00 , 6.00 
27,2,1, 70.58 , 59.40 
28,2,1, 39.50 , 37.77 
28,2,1, 36.93 , 31.77 
28,2,1, 21.75 , 20.75 
29,2,1, 16.14 , 14.15 
29,2,1, 27.64 , 16.64 
29,2,1, 21.57 , 14.33 
30,2,1, 25.76 , 25.62 
30,2,1, 30.82 , 29.00 
30,2,1, 31.97 , 28.62 
31,2,1, 14.48 , 11.27 
31,2,1, 14.36 , 14.29 
31,2,1, 13.02 , 12.02 
32,2,1, 6.00 , 6.00 
32,2,1, 6.00 , 6.00 
32,2,1, 9.10 , 6.00 
33,2,1, 22.86 , 14.55 
33,2,1, 23.80 , 16.33 
33,2,1, 19.60 , 17.61 
34,2,1, 14.91 , 11.88 
34,2,1, 18.34 , 14.73 
34,2,1, 15.46 , 13.48 
35,2,1, 9.49 , 9.20 
35,2,1, 6.00 , 6.00 
35,2,1, 6.00 , 6.00 
36,2,1, 20.91 , 15.33 
36,2,1, 9.69 , 8.64 
36,2,1, 9.98 , 6.00 
37,2,1, 6.00 , 6.00 
37,2,1, 10.37 , 7.63 
37,2,1, 6.00 , 8.66 
38,2,1, 23.41 , 25.00 
38,2,1, 6.00 , 6.00 
38,2,1, 15.81 , 6.00 
39,2,1, 6.00 , 6.00 
39,2,1, 13.54 , 6.00 
39,2,1, 17.14 , 7.21 
40,2,1, 16.07 , 11.61 
40,2,1, 27.57 , 13.70 
40,2,1, 27.92 , 11.03 
41,2,1, 6.00 , 6.00 
41,2,1, 6.00 , 6.00 
41,2,1, 12.22 , 6.00 
42,2,1, 6.00 , 6.00 
42,2,1, 11.43 , 8.04 
42,2,1, 11.66 , 9.68 
43,2,1, 10.23 , 8.60 
43,2,1, 6.00 , 6.00 
43,2,1, 6.00 , 10.27 
44,2,1, 7.48 , 7.48 
44,2,1, 8.01 , 8.01 
44,2,1, 8.12 , 8.12 
45,2,1, 6.00 , 6.00 
45,2,1, 7.64 , 6.00 
45,2,1, 13.32 , 10.54 
46,2,1, 14.14 , 11.22 
46,2,1, 8.48 , 8.48 
46,2,1, 12.14 , 8.69 
47,2,1, 6.00 , 6.00 
47,2,1, 15.45 , 12.36 
47,2,1, 32.59 , 21.56 
48,2,1, 17.83 , 15.23 
48,2,1, 23.33 , 17.81 
48,2,1, 13.10 , 11.90 
49,2,1, 13.42 , 12.13 
49,2,1, 30.77 , 14.35 
49,2,1, 10.75 , 9.44 
50,2,1, 12.37 , 9.86 
50,2,1, 15.27 , 10.85 
50,2,1, 15.41 , 8.08 