ID,experimental_replicate,concentration,ecuatorial,polar
1,1,0, 84.00 , 84.00 
1,1,0, 84.00 , 84.00 
1,1,0, 84.00 , 84.00 
2,1,0, 84.00 , 84.00 
2,1,0, 84.00 , 84.00 
2,1,0, 84.00 , 84.00 
3,1,0, 84.00 , 84.00 
3,1,0, 84.00 , 84.00 
3,1,0, 84.00 , 84.00 
4,1,0, 84.00 , 84.00 
4,1,0, 84.00 , 84.00 
4,1,0, 84.00 , 84.00 
5,1,0, 84.00 , 84.00 
5,1,0, 84.00 , 84.00 
5,1,0, 84.00 , 84.00 
6,1,0, 84.00 , 84.00 
6,1,0, 84.00 , 84.00 
6,1,0, 84.00 , 84.00 
7,1,0, 84.00 , 84.00 
7,1,0, 84.00 , 84.00 
7,1,0, 84.00 , 84.00 
8,1,0, 84.00 , 84.00 
8,1,0, 84.00 , 84.00 
8,1,0, 84.00 , 84.00 
9,1,0, 84.00 , 84.00 
9,1,0, 84.00 , 84.00 
9,1,0, 84.00 , 84.00 
10,1,0, 84.00 , 84.00 
10,1,0, 84.00 , 84.00 
10,1,0, 84.00 , 84.00 
11,1,0, 84.00 , 84.00 
11,1,0, 84.00 , 84.00 
11,1,0, 84.00 , 84.00 
12,1,0, 84.00 , 84.00 
12,1,0, 84.00 , 84.00 
12,1,0, 84.00 , 84.00 
13,1,0, 84.00 , 84.00 
13,1,0, 84.00 , 84.00 
13,1,0, 84.00 , 84.00 
14,1,0, 84.00 , 84.00 
14,1,0, 84.00 , 84.00 
14,1,0, 84.00 , 84.00 
15,1,0, 84.00 , 84.00 
15,1,0, 84.00 , 84.00 
15,1,0, 84.00 , 84.00 
16,1,0, 84.00 , 84.00 
16,1,0, 84.00 , 84.00 
16,1,0, 84.00 , 84.00 
17,1,0, 84.00 , 84.00 
17,1,0, 84.00 , 84.00 
17,1,0, 84.00 , 84.00 
18,1,0, 84.00 , 84.00 
18,1,0, 84.00 , 84.00 
18,1,0, 84.00 , 84.00 
19,1,0, 84.00 , 84.00 
19,1,0, 84.00 , 84.00 
19,1,0, 84.00 , 84.00 
20,1,0, 84.00 , 84.00 
20,1,0, 84.00 , 84.00 
20,1,0, 84.00 , 84.00 
21,1,0, 84.00 , 84.00 
21,1,0, 84.00 , 84.00 
21,1,0, 84.00 , 84.00 
22,1,0, 84.00 , 84.00 
22,1,0, 84.00 , 84.00 
22,1,0, 84.00 , 84.00 
23,1,0, 84.00 , 84.00 
23,1,0, 84.00 , 84.00 
23,1,0, 84.00 , 84.00 
24,1,0, 84.00 , 84.00 
24,1,0, 84.00 , 84.00 
24,1,0, 84.00 , 84.00 
25,1,0, 84.00 , 84.00 
25,1,0, 84.00 , 84.00 
25,1,0, 84.00 , 84.00 
26,1,0, 68.47 , 68.47 
26,1,0, 64.23 , 64.23 
26,1,0, 75.13 , 75.13 
27,1,0, 84.00 , 84.00 
27,1,0, 84.00 , 84.00 
27,1,0, 84.00 , 84.00 
28,1,0, 84.00 , 84.00 
28,1,0, 84.00 , 84.00 
28,1,0, 84.00 , 84.00 
29,1,0, 84.00 , 84.00 
29,1,0, 84.00 , 84.00 
29,1,0, 84.00 , 84.00 
30,1,0, 84.00 , 84.00 
30,1,0, 84.00 , 84.00 
30,1,0, 84.00 , 84.00 
31,1,0, 84.00 , 84.00 
31,1,0, 84.00 , 84.00 
31,1,0, 84.00 , 84.00 
32,1,0, 84.00 , 84.00 
32,1,0, 84.00 , 84.00 
32,1,0, 84.00 , 84.00 
33,1,0, 84.00 , 84.00 
33,1,0, 84.00 , 84.00 
33,1,0, 83.10 , 83.10 
34,1,0, 84.00 , 84.00 
34,1,0, 84.00 , 84.00 
34,1,0, 84.00 , 84.00 
35,1,0, 84.00 , 84.00 
35,1,0, 84.00 , 84.00 
35,1,0, 84.00 , 84.00 
36,1,0, 81.58 , 81.58 
36,1,0, 84.00 , 84.00 
36,1,0, 84.00 , 84.00 
37,1,0, 84.00 , 84.00 
37,1,0, 84.00 , 84.00 
37,1,0, 84.00 , 84.00 
38,1,0, 68.10 , 68.10 
38,1,0, 77.36 , 77.36 
38,1,0, 84.00 , 84.00 
39,1,0, 84.00 , 84.00 
39,1,0, 84.00 , 84.00 
39,1,0, 84.00 , 84.00 
40,1,0, 84.00 , 84.00 
40,1,0, 84.00 , 84.00 
40,1,0, 84.00 , 84.00 
41,1,0, 84.00 , 84.00 
41,1,0, 84.00 , 84.00 
41,1,0, 84.00 , 84.00 
42,1,0, 84.00 , 84.00 
42,1,0, 84.00 , 84.00 
42,1,0, 84.00 , 84.00 
43,1,0, 84.00 , 84.00 
43,1,0, 84.00 , 84.00 
43,1,0, 84.00 , 84.00 
44,1,0, 84.00 , 84.00 
44,1,0, 84.00 , 84.00 
44,1,0, 84.00 , 84.00 
45,1,0, 84.00 , 84.00 
45,1,0, 84.00 , 84.00 
45,1,0, 84.00 , 84.00 
46,1,0, 84.00 , 84.00 
46,1,0, 84.00 , 84.00 
46,1,0, 84.00 , 84.00 
47,1,0, 84.00 , 84.00 
47,1,0, 84.00 , 84.00 
47,1,0, 84.00 , 84.00 
48,1,0, 84.00 , 84.00 
48,1,0, 84.00 , 84.00 
48,1,0, 84.00 , 84.00 
49,1,0, 82.38 , 82.38 
49,1,0, 79.81 , 79.81 
49,1,0, 81.73 , 76.73 
50,1,0, 84.00 , 84.00 
50,1,0, 84.00 , 84.00 
50,1,0, 84.00 , 84.00 
1,1,0.001, 84.00 , 84.00 
1,1,0.001, 84.00 , 84.00 
1,1,0.001, 84.00 , 84.00 
2,1,0.001, 81.00 , 78.00 
2,1,0.001, 84.00 , 84.00 
2,1,0.001, 84.00 , 84.00 
3,1,0.001, 84.00 , 84.00 
3,1,0.001, 84.00 , 84.00 
3,1,0.001, 84.00 , 84.00 
4,1,0.001, 84.00 , 84.00 
4,1,0.001, 84.00 , 84.00 
4,1,0.001, 81.60 , 79.20 
5,1,0.001, 84.00 , 30.96 
5,1,0.001, 84.00 , 36.87 
5,1,0.001, 84.00 , 38.02 
6,1,0.001, 80.71 , 79.86 
6,1,0.001, 84.00 , 84.00 
6,1,0.001, 84.00 , 84.00 
7,1,0.001, 82.12 , 80.23 
7,1,0.001, 82.32 , 80.64 
7,1,0.001, 82.93 , 81.86 
8,1,0.001, 84.00 , 84.00 
8,1,0.001, 84.00 , 84.00 
8,1,0.001, 84.00 , 84.00 
9,1,0.001, 84.00 , 84.00 
9,1,0.001, 84.00 , 84.00 
9,1,0.001, 84.00 , 84.00 
10,1,0.001, 84.00 , 84.00 
10,1,0.001, 84.00 , 84.00 
10,1,0.001, 84.00 , 84.00 
11,1,0.001, 84.00 , 84.00 
11,1,0.001, 84.00 , 84.00 
11,1,0.001, 84.00 , 84.00 
12,1,0.001, 84.00 , 84.00 
12,1,0.001, 84.00 , 84.00 
12,1,0.001, 84.00 , 84.00 
13,1,0.001, 84.00 , 84.00 
13,1,0.001, 84.00 , 84.00 
13,1,0.001, 84.00 , 84.00 
14,1,0.001, 84.00 , 84.00 
14,1,0.001, 84.00 , 84.00 
14,1,0.001, 84.00 , 84.00 
15,1,0.001, 84.00 , 84.00 
15,1,0.001, 84.00 , 84.00 
15,1,0.001, 84.00 , 84.00 
16,1,0.001, 84.00 , 84.00 
16,1,0.001, 84.00 , 84.00 
16,1,0.001, 84.00 , 84.00 
17,1,0.001, 84.00 , 84.00 
17,1,0.001, 84.00 , 84.00 
17,1,0.001, 84.00 , 84.00 
18,1,0.001, 84.00 , 84.00 
18,1,0.001, 83.22 , 82.44 
18,1,0.001, 80.83 , 77.66 
19,1,0.001, 82.86 , 82.72 
19,1,0.001, 82.25 , 82.49 
19,1,0.001, 84.00 , 84.00 
20,1,0.001, 84.00 , 84.00 
20,1,0.001, 84.00 , 84.00 
20,1,0.001, 84.00 , 84.00 
21,1,0.001, 84.00 , 84.00 
21,1,0.001, 84.00 , 84.00 
21,1,0.001, 84.00 , 84.00 
22,1,0.001, 84.00 , 84.00 
22,1,0.001, 84.00 , 84.00 
22,1,0.001, 84.00 , 84.00 
23,1,0.001, 78.75 , 79.50 
23,1,0.001, 80.76 , 77.52 
23,1,0.001, 82.97 , 81.94 
24,1,0.001, 84.00 , 84.00 
24,1,0.001, 84.00 , 84.00 
24,1,0.001, 84.00 , 84.00 
25,1,0.001, 84.00 , 84.00 
25,1,0.001, 84.00 , 84.00 
25,1,0.001, 84.00 , 84.00 
26,1,0.001, 67.52 , 65.22 
26,1,0.001, 58.64 , 58.43 
26,1,0.001, 69.64 , 62.43 
27,1,0.001, 81.55 , 81.28 
27,1,0.001, 80.77 , 79.37 
27,1,0.001, 84.00 , 84.00 
28,1,0.001, 80.51 , 84.00 
28,1,0.001, 84.00 , 84.00 
28,1,0.001, 84.00 , 84.00 
29,1,0.001, 84.00 , 84.00 
29,1,0.001, 84.00 , 84.00 
29,1,0.001, 84.00 , 84.00 
30,1,0.001, 84.00 , 84.00 
30,1,0.001, 84.00 , 84.00 
30,1,0.001, 84.00 , 84.00 
31,1,0.001, 84.00 , 84.00 
31,1,0.001, 80.93 , 77.85 
31,1,0.001, 84.00 , 84.00 
32,1,0.001, 84.00 , 84.00 
32,1,0.001, 84.00 , 84.00 
32,1,0.001, 84.00 , 84.00 
33,1,0.001, 80.45 , 76.90 
33,1,0.001, 84.00 , 84.00 
33,1,0.001, 78.69 , 78.72 
34,1,0.001, 81.47 , 78.94 
34,1,0.001, 83.13 , 82.26 
34,1,0.001, 80.41 , 76.82 
35,1,0.001, 81.67 , 79.34 
35,1,0.001, 84.00 , 84.00 
35,1,0.001, 82.15 , 80.30 
36,1,0.001, 77.83 , 71.65 
36,1,0.001, 77.33 , 83.80 
36,1,0.001, 80.66 , 71.91 
37,1,0.001, 81.42 , 78.83 
37,1,0.001, 82.84 , 81.68 
37,1,0.001, 81.28 , 79.26 
38,1,0.001, 65.35 , 63.52 
38,1,0.001, 72.74 , 71.51 
38,1,0.001, 80.89 , 73.74 
39,1,0.001, 78.68 , 77.16 
39,1,0.001, 81.23 , 78.45 
39,1,0.001, 79.32 , 78.82 
40,1,0.001, 84.00 , 84.00 
40,1,0.001, 84.00 , 84.00 
40,1,0.001, 84.00 , 84.00 
41,1,0.001, 84.00 , 84.00 
41,1,0.001, 84.00 , 84.00 
41,1,0.001, 84.00 , 84.00 
42,1,0.001, 84.00 , 84.00 
42,1,0.001, 84.00 , 84.00 
42,1,0.001, 84.00 , 84.00 
43,1,0.001, 84.00 , 84.00 
43,1,0.001, 84.00 , 84.00 
43,1,0.001, 84.00 , 84.00 
44,1,0.001, 84.00 , 84.00 
44,1,0.001, 82.88 , 77.75 
44,1,0.001, 81.54 , 79.07 
45,1,0.001, 84.00 , 84.00 
45,1,0.001, 82.68 , 81.36 
45,1,0.001, 84.00 , 84.00 
46,1,0.001, 84.00 , 84.00 
46,1,0.001, 84.00 , 84.00 
46,1,0.001, 84.00 , 84.00 
47,1,0.001, 82.50 , 80.99 
47,1,0.001, 81.58 , 83.16 
47,1,0.001, 84.00 , 84.00 
48,1,0.001, 82.03 , 80.06 
48,1,0.001, 84.00 , 84.00 
48,1,0.001, 81.35 , 81.70 
49,1,0.001, 75.74 , 77.47 
49,1,0.001, 76.86 , 79.10 
49,1,0.001, 78.25 , 78.45 
50,1,0.001, 84.00 , 84.00 
50,1,0.001, 84.00 , 84.00 
50,1,0.001, 84.00 , 84.00 
1,1,0.005, 84.00 , 84.00 
1,1,0.005, 84.00 , 84.00 
1,1,0.005, 84.00 , 84.00 
2,1,0.005, 79.92 , 75.83 
2,1,0.005, 80.58 , 77.15 
2,1,0.005, 82.30 , 80.59 
3,1,0.005, 84.00 , 84.00 
3,1,0.005, 84.00 , 84.00 
3,1,0.005, 84.00 , 84.00 
4,1,0.005, 84.00 , 76.22 
4,1,0.005, 84.00 , 84.00 
4,1,0.005, 80.74 , 77.48 
5,1,0.005, 84.00 , 25.71 
5,1,0.005, 84.00 , 29.55 
5,1,0.005, 84.00 , 43.01 
6,1,0.005, 78.45 , 72.90 
6,1,0.005, 79.29 , 74.58 
6,1,0.005, 80.97 , 77.93 
7,1,0.005, 81.18 , 78.35 
7,1,0.005, 80.95 , 77.90 
7,1,0.005, 81.62 , 79.23 
8,1,0.005, 84.00 , 84.00 
8,1,0.005, 84.00 , 84.00 
8,1,0.005, 84.00 , 84.00 
9,1,0.005, 78.69 , 56.39 
9,1,0.005, 84.00 , 76.81 
9,1,0.005, 81.54 , 80.62 
10,1,0.005, 84.00 , 84.00 
10,1,0.005, 84.00 , 84.00 
10,1,0.005, 84.00 , 84.00 
11,1,0.005, 84.00 , 84.00 
11,1,0.005, 84.00 , 84.00 
11,1,0.005, 84.00 , 84.00 
12,1,0.005, 84.00 , 84.00 
12,1,0.005, 80.39 , 76.77 
12,1,0.005, 81.69 , 79.38 
13,1,0.005, 84.00 , 84.00 
13,1,0.005, 84.00 , 84.00 
13,1,0.005, 84.00 , 84.00 
14,1,0.005, 84.00 , 84.00 
14,1,0.005, 84.00 , 84.00 
14,1,0.005, 84.00 , 84.00 
15,1,0.005, 84.00 , 84.00 
15,1,0.005, 84.00 , 84.00 
15,1,0.005, 84.00 , 84.00 
16,1,0.005, 83.20 , 82.40 
16,1,0.005, 84.00 , 84.00 
16,1,0.005, 83.39 , 82.78 
17,1,0.005, 77.94 , 79.28 
17,1,0.005, 84.00 , 84.00 
17,1,0.005, 84.00 , 84.00 
18,1,0.005, 81.45 , 78.90 
18,1,0.005, 81.48 , 79.96 
18,1,0.005, 80.48 , 76.95 
19,1,0.005, 81.55 , 81.09 
19,1,0.005, 81.36 , 81.72 
19,1,0.005, 80.48 , 79.95 
20,1,0.005, 84.00 , 84.00 
20,1,0.005, 84.00 , 84.00 
20,1,0.005, 84.00 , 84.00 
21,1,0.005, 84.00 , 84.00 
21,1,0.005, 84.00 , 84.00 
21,1,0.005, 84.00 , 84.00 
22,1,0.005, 84.00 , 84.00 
22,1,0.005, 84.00 , 84.00 
22,1,0.005, 84.00 , 84.00 
23,1,0.005, 78.73 , 78.30 
23,1,0.005, 79.89 , 78.07 
23,1,0.005, 76.60 , 72.62 
24,1,0.005, 84.00 , 84.00 
24,1,0.005, 84.00 , 84.00 
24,1,0.005, 84.00 , 84.00 
25,1,0.005, 84.00 , 84.00 
25,1,0.005, 84.00 , 84.00 
25,1,0.005, 84.00 , 84.00 
26,1,0.005, 63.82 , 63.34 
26,1,0.005, 52.85 , 51.53 
26,1,0.005, 60.43 , 56.34 
27,1,0.005, 77.69 , 79.10 
27,1,0.005, 77.53 , 77.53 
27,1,0.005, 84.00 , 84.00 
28,1,0.005, 84.00 , 84.00 
28,1,0.005, 84.00 , 84.00 
28,1,0.005, 84.00 , 84.00 
29,1,0.005, 84.00 , 84.00 
29,1,0.005, 84.00 , 84.00 
29,1,0.005, 84.00 , 84.00 
30,1,0.005, 84.00 , 84.00 
30,1,0.005, 84.00 , 84.00 
30,1,0.005, 84.00 , 84.00 
31,1,0.005, 76.39 , 75.49 
31,1,0.005, 76.62 , 75.44 
31,1,0.005, 76.10 , 74.41 
32,1,0.005, 84.00 , 84.00 
32,1,0.005, 84.00 , 84.00 
32,1,0.005, 84.00 , 84.00 
33,1,0.005, 76.19 , 76.80 
33,1,0.005, 84.00 , 84.00 
33,1,0.005, 75.69 , 74.29 
34,1,0.005, 79.24 , 82.29 
34,1,0.005, 75.99 , 74.38 
34,1,0.005, 73.73 , 75.06 
35,1,0.005, 80.44 , 76.88 
35,1,0.005, 79.31 , 74.62 
35,1,0.005, 74.30 , 78.67 
36,1,0.005, 70.97 , 70.35 
36,1,0.005, 76.89 , 81.13 
36,1,0.005, 77.96 , 72.90 
37,1,0.005, 74.48 , 76.40 
37,1,0.005, 79.71 , 75.41 
37,1,0.005, 80.13 , 78.56 
38,1,0.005, 64.61 , 54.12 
38,1,0.005, 70.73 , 69.03 
38,1,0.005, 78.47 , 77.37 
39,1,0.005, 67.40 , 69.16 
39,1,0.005, 78.31 , 72.61 
39,1,0.005, 78.35 , 72.70 
40,1,0.005, 84.00 , 84.00 
40,1,0.005, 84.00 , 84.00 
40,1,0.005, 84.00 , 84.00 
41,1,0.005, 84.00 , 84.00 
41,1,0.005, 84.00 , 84.00 
41,1,0.005, 84.00 , 84.00 
42,1,0.005, 84.00 , 84.00 
42,1,0.005, 84.00 , 84.00 
42,1,0.005, 84.00 , 84.00 
43,1,0.005, 84.00 , 84.00 
43,1,0.005, 84.00 , 84.00 
43,1,0.005, 84.00 , 84.00 
44,1,0.005, 81.24 , 84.00 
44,1,0.005, 81.78 , 79.55 
44,1,0.005, 79.98 , 75.95 
45,1,0.005, 84.00 , 84.00 
45,1,0.005, 79.76 , 75.51 
45,1,0.005, 84.00 , 84.00 
46,1,0.005, 84.00 , 84.00 
46,1,0.005, 84.00 , 84.00 
46,1,0.005, 84.00 , 84.00 
47,1,0.005, 80.44 , 76.88 
47,1,0.005, 81.31 , 81.65 
47,1,0.005, 84.00 , 84.00 
48,1,0.005, 75.83 , 78.51 
48,1,0.005, 80.68 , 84.00 
48,1,0.005, 79.60 , 78.19 
49,1,0.005, 69.93 , 69.88 
49,1,0.005, 68.55 , 67.11 
49,1,0.005, 72.67 , 68.31 
50,1,0.005, 84.00 , 84.00 
50,1,0.005, 84.00 , 84.00 
50,1,0.005, 84.00 , 84.00 
1,1,0.01, 84.00 , 84.00 
1,1,0.01, 84.00 , 84.00 
1,1,0.01, 84.00 , 84.00 
2,1,0.01, 76.92 , 76.92 
2,1,0.01, 75.80 , 75.80 
2,1,0.01, 75.14 , 75.14 
3,1,0.01, 84.00 , 84.00 
3,1,0.01, 77.79 , 77.79 
3,1,0.01, 84.00 , 84.00 
4,1,0.01, 82.00 , 82.00 
4,1,0.01, 83.50 , 83.50 
4,1,0.01, 81.96 , 81.96 
5,1,0.01, 77.13 , 77.13 
5,1,0.01, 79.11 , 79.11 
5,1,0.01, 75.40 , 75.40 
6,1,0.01, 74.95 , 74.95 
6,1,0.01, 73.18 , 73.18 
6,1,0.01, 74.74 , 74.74 
7,1,0.01, 75.94 , 75.94 
7,1,0.01, 78.16 , 78.16 
7,1,0.01, 80.87 , 80.87 
8,1,0.01, 84.00 , 84.00 
8,1,0.01, 84.00 , 84.00 
8,1,0.01, 84.00 , 84.00 
9,1,0.01, 84.00 , 84.00 
9,1,0.01, 84.00 , 84.00 
9,1,0.01, 84.00 , 84.00 
10,1,0.01, 84.00 , 84.00 
10,1,0.01, 84.00 , 84.00 
10,1,0.01, 84.00 , 84.00 
11,1,0.01, 76.52 , 76.52 
11,1,0.01, 77.62 , 77.62 
11,1,0.01, 78.90 , 78.90 
12,1,0.01, 76.40 , 76.40 
12,1,0.01, 69.86 , 69.86 
12,1,0.01, 77.74 , 77.74 
13,1,0.01, 80.67 , 80.67 
13,1,0.01, 74.48 , 74.48 
13,1,0.01, 78.42 , 78.42 
14,1,0.01, 75.40 , 75.40 
14,1,0.01, 74.95 , 74.95 
14,1,0.01, 73.18 , 73.18 
15,1,0.01, 84.00 , 84.00 
15,1,0.01, 84.00 , 84.00 
15,1,0.01, 84.00 , 84.00 
16,1,0.01, 77.20 , 77.20 
16,1,0.01, 80.31 , 80.31 
16,1,0.01, 83.40 , 83.40 
17,1,0.01, 74.92 , 74.92 
17,1,0.01, 84.00 , 84.00 
17,1,0.01, 84.00 , 79.00 
18,1,0.01, 76.55 , 76.55 
18,1,0.01, 80.50 , 80.50 
18,1,0.01, 78.56 , 78.56 
19,1,0.01, 80.21 , 80.21 
19,1,0.01, 80.48 , 80.48 
19,1,0.01, 78.23 , 78.23 
20,1,0.01, 84.00 , 84.00 
20,1,0.01, 84.00 , 84.00 
20,1,0.01, 84.00 , 84.00 
21,1,0.01, 84.00 , 84.00 
21,1,0.01, 84.00 , 84.00 
21,1,0.01, 84.00 , 84.00 
22,1,0.01, 84.00 , 84.00 
22,1,0.01, 84.00 , 84.00 
22,1,0.01, 84.00 , 84.00 
23,1,0.01, 75.05 , 75.05 
23,1,0.01, 76.39 , 76.39 
23,1,0.01, 73.40 , 73.40 
24,1,0.01, 84.00 , 84.00 
24,1,0.01, 84.00 , 84.00 
24,1,0.01, 84.00 , 84.00 
25,1,0.01, 79.30 , 79.30 
25,1,0.01, 80.21 , 80.21 
25,1,0.01, 82.38 , 82.38 
26,1,0.01, 55.19 , 55.74 
26,1,0.01, 48.23 , 47.64 
26,1,0.01, 55.64 , 55.34 
27,1,0.01, 69.62 , 69.62 
27,1,0.01, 69.92 , 69.92 
27,1,0.01, 84.00 , 84.00 
28,1,0.01, 84.00 , 84.00 
28,1,0.01, 84.00 , 84.00 
28,1,0.01, 84.00 , 84.00 
29,1,0.01, 84.00 , 84.00 
29,1,0.01, 84.00 , 84.00 
29,1,0.01, 84.00 , 84.00 
30,1,0.01, 84.00 , 84.00 
30,1,0.01, 84.00 , 84.00 
30,1,0.01, 84.00 , 84.00 
31,1,0.01, 67.34 , 67.34 
31,1,0.01, 70.04 , 69.64 
31,1,0.01, 70.10 , 70.10 
32,1,0.01, 84.00 , 84.00 
32,1,0.01, 81.50 , 81.50 
32,1,0.01, 81.17 , 81.17 
33,1,0.01, 70.46 , 70.46 
33,1,0.01, 71.47 , 71.47 
33,1,0.01, 70.03 , 70.03 
34,1,0.01, 68.10 , 68.10 
34,1,0.01, 70.06 , 70.06 
34,1,0.01, 73.93 , 73.93 
35,1,0.01, 79.32 , 74.53 
35,1,0.01, 70.87 , 73.40 
35,1,0.01, 72.15 , 72.15 
36,1,0.01, 68.53 , 68.53 
36,1,0.01, 67.46 , 67.46 
36,1,0.01, 68.29 , 68.29 
37,1,0.01, 72.30 , 72.30 
37,1,0.01, 73.81 , 73.81 
37,1,0.01, 78.75 , 78.75 
38,1,0.01, 63.33 , 63.33 
38,1,0.01, 68.33 , 68.33 
38,1,0.01, 74.83 , 74.83 
39,1,0.01, 67.85 , 67.85 
39,1,0.01, 73.90 , 73.90 
39,1,0.01, 70.63 , 70.63 
40,1,0.01, 84.00 , 84.00 
40,1,0.01, 84.00 , 84.00 
40,1,0.01, 84.00 , 84.00 
41,1,0.01, 84.00 , 84.00 
41,1,0.01, 84.00 , 84.00 
41,1,0.01, 84.00 , 84.00 
42,1,0.01, 84.00 , 84.00 
42,1,0.01, 84.00 , 84.00 
42,1,0.01, 84.00 , 84.00 
43,1,0.01, 84.00 , 84.00 
43,1,0.01, 84.00 , 84.00 
43,1,0.01, 84.00 , 84.00 
44,1,0.01, 80.06 , 80.06 
44,1,0.01, 75.69 , 75.69 
44,1,0.01, 73.24 , 73.24 
45,1,0.01, 78.35 , 78.35 
45,1,0.01, 77.80 , 77.80 
45,1,0.01, 84.00 , 84.00 
46,1,0.01, 84.00 , 84.00 
46,1,0.01, 84.00 , 84.00 
46,1,0.01, 84.00 , 84.00 
47,1,0.01, 72.87 , 75.87 
47,1,0.01, 76.84 , 76.84 
47,1,0.01, 82.15 , 82.15 
48,1,0.01, 74.55 , 74.55 
48,1,0.01, 75.57 , 75.57 
48,1,0.01, 77.62 , 77.62 
49,1,0.01, 66.55 , 66.55 
49,1,0.01, 63.79 , 63.79 
49,1,0.01, 68.04 , 68.04 
50,1,0.01, 84.00 , 84.00 
50,1,0.01, 84.00 , 84.00 
50,1,0.01, 84.00 , 84.00 
1,1,0.05, 84.00 , 84.00 
1,1,0.05, 84.00 , 84.00 
1,1,0.05, 84.00 , 84.00 
2,1,0.05, 73.24 , 73.24 
2,1,0.05, 74.08 , 74.08 
2,1,0.05, 72.82 , 72.82 
3,1,0.05, 75.40 , 75.40 
3,1,0.05, 76.01 , 76.01 
3,1,0.05, 78.40 , 78.40 
4,1,0.05, 72.61 , 72.61 
4,1,0.05, 80.25 , 80.34 
4,1,0.05, 72.84 , 72.84 
5,1,0.05, 70.76 , 60.76 
5,1,0.05, 72.50 , 62.50 
5,1,0.05, 73.37 , 68.37 
6,1,0.05, 71.02 , 71.02 
6,1,0.05, 71.55 , 71.55 
6,1,0.05, 72.60 , 72.60 
7,1,0.05, 72.30 , 72.30 
7,1,0.05, 71.52 , 71.52 
7,1,0.05, 70.16 , 70.16 
8,1,0.05, 84.00 , 84.00 
8,1,0.05, 79.04 , 79.04 
8,1,0.05, 83.05 , 83.05 
9,1,0.05, 84.00 , 84.00 
9,1,0.05, 84.00 , 84.00 
9,1,0.05, 84.00 , 84.00 
10,1,0.05, 80.34 , 80.34 
10,1,0.05, 83.76 , 83.76 
10,1,0.05, 80.08 , 80.08 
11,1,0.05, 77.26 , 70.17 
11,1,0.05, 72.73 , 70.12 
11,1,0.05, 74.75 , 72.77 
12,1,0.05, 70.19 , 70.03 
12,1,0.05, 68.25 , 69.22 
12,1,0.05, 63.12 , 70.88 
13,1,0.05, 75.00 , 74.14 
13,1,0.05, 73.10 , 71.35 
13,1,0.05, 68.37 , 74.30 
14,1,0.05, 35.88 , 30.59 
14,1,0.05, 37.07 , 31.63 
14,1,0.05, 31.18 , 26.40 
15,1,0.05, 84.00 , 84.00 
15,1,0.05, 84.00 , 84.00 
15,1,0.05, 84.00 , 84.00 
16,1,0.05, 71.15 , 72.63 
16,1,0.05, 78.24 , 78.00 
16,1,0.05, 71.46 , 71.45 
17,1,0.05, 72.75 , 72.25 
17,1,0.05, 75.76 , 72.23 
17,1,0.05, 73.29 , 72.97 
18,1,0.05, 72.31 , 69.60 
18,1,0.05, 71.72 , 72.13 
18,1,0.05, 70.85 , 71.24 
19,1,0.05, 71.44 , 69.93 
19,1,0.05, 71.15 , 72.53 
19,1,0.05, 67.81 , 65.66 
20,1,0.05, 84.00 , 84.00 
20,1,0.05, 77.48 , 77.23 
20,1,0.05, 75.30 , 79.25 
21,1,0.05, 84.00 , 84.00 
21,1,0.05, 84.00 , 84.00 
21,1,0.05, 84.00 , 84.00 
22,1,0.05, 84.00 , 84.00 
22,1,0.05, 84.00 , 84.00 
22,1,0.05, 84.00 , 84.00 
23,1,0.05, 61.31 , 62.59 
23,1,0.05, 68.53 , 65.85 
23,1,0.05, 50.03 , 58.48 
24,1,0.05, 84.00 , 84.00 
24,1,0.05, 84.00 , 84.00 
24,1,0.05, 84.00 , 84.00 
25,1,0.05, 71.99 , 68.64 
25,1,0.05, 69.45 , 68.44 
25,1,0.05, 68.87 , 67.34 
26,1,0.05, 51.11 , 40.73 
26,1,0.05, 46.87 , 46.23 
26,1,0.05, 48.34 , 47.63 
27,1,0.05, 59.78 , 58.56 
27,1,0.05, 65.09 , 63.16 
27,1,0.05, 84.00 , 84.00 
28,1,0.05, 84.00 , 84.00 
28,1,0.05, 84.00 , 84.00 
28,1,0.05, 84.00 , 84.00 
29,1,0.05, 84.00 , 84.00 
29,1,0.05, 84.00 , 84.00 
29,1,0.05, 84.00 , 84.00 
30,1,0.05, 71.80 , 71.80 
30,1,0.05, 84.00 , 84.00 
30,1,0.05, 72.26 , 75.67 
31,1,0.05, 66.53 , 62.34 
31,1,0.05, 64.63 , 64.96 
31,1,0.05, 68.43 , 69.10 
32,1,0.05, 82.25 , 81.36 
32,1,0.05, 71.05 , 71.45 
32,1,0.05, 79.63 , 78.84 
33,1,0.05, 62.81 , 62.53 
33,1,0.05, 69.16 , 68.83 
33,1,0.05, 64.41 , 64.41 
34,1,0.05, 73.12 , 71.36 
34,1,0.05, 26.25 , 26.15 
34,1,0.05, 71.24 , 69.15 
35,1,0.05, 72.63 , 73.60 
35,1,0.05, 70.65 , 69.34 
35,1,0.05, 66.48 , 65.10 
36,1,0.05, 65.08 , 62.83 
36,1,0.05, 66.24 , 61.25 
36,1,0.05, 63.63 , 63.84 
37,1,0.05, 68.34 , 65.22 
37,1,0.05, 69.58 , 66.68 
37,1,0.05, 66.24 , 61.25 
38,1,0.05, 66.53 , 62.34 
38,1,0.05, 66.63 , 64.96 
38,1,0.05, 68.43 , 69.10 
39,1,0.05, 67.15 , 59.31 
39,1,0.05, 55.37 , 51.80 
39,1,0.05, 67.01 , 60.51 
40,1,0.05, 84.00 , 80.24 
40,1,0.05, 84.00 , 84.00 
40,1,0.05, 84.00 , 84.00 
41,1,0.05, 84.00 , 84.00 
41,1,0.05, 84.00 , 84.00 
41,1,0.05, 84.00 , 84.00 
42,1,0.05, 84.00 , 84.00 
42,1,0.05, 84.00 , 84.00 
42,1,0.05, 84.00 , 84.00 
43,1,0.05, 84.00 , 84.00 
43,1,0.05, 84.00 , 84.00 
43,1,0.05, 84.00 , 84.00 
44,1,0.05, 74.46 , 68.90 
44,1,0.05, 72.42 , 72.65 
44,1,0.05, 70.47 , 70.12 
45,1,0.05, 70.34 , 72.83 
45,1,0.05, 74.17 , 73.05 
45,1,0.05, 84.00 , 84.00 
46,1,0.05, 84.00 , 84.00 
46,1,0.05, 84.00 , 84.00 
46,1,0.05, 84.00 , 84.00 
47,1,0.05, 72.56 , 73.60 
47,1,0.05, 71.60 , 77.33 
47,1,0.05, 79.82 , 79.41 
48,1,0.05, 71.84 , 70.28 
48,1,0.05, 69.50 , 63.55 
48,1,0.05, 60.23 , 57.23 
49,1,0.05, 60.53 , 59.01 
49,1,0.05, 58.66 , 60.51 
49,1,0.05, 64.01 , 65.68 
50,1,0.05, 84.00 , 84.00 
50,1,0.05, 84.00 , 84.00 
50,1,0.05, 84.00 , 84.00 
1,1,0.1, 48.60 , 44.68 
1,1,0.1, 43.13 , 42.49 
1,1,0.1, 43.89 , 42.89 
2,1,0.1, 72.53 , 72.54 
2,1,0.1, 71.54 , 71.63 
2,1,0.1, 71.12 , 73.41 
3,1,0.1, 73.96 , 80.47 
3,1,0.1, 79.74 , 80.51 
3,1,0.1, 67.81 , 75.63 
4,1,0.1, 75.30 , 77.30 
4,1,0.1, 73.02 , 74.79 
4,1,0.1, 77.02 , 78.92 
5,1,0.1, 50.77 , 45.94 
5,1,0.1, 50.08 , 49.12 
5,1,0.1, 41.68 , 44.64 
6,1,0.1, 72.16 , 77.38 
6,1,0.1, 78.54 , 77.43 
6,1,0.1, 76.93 , 78.88 
7,1,0.1, 71.66 , 70.88 
7,1,0.1, 70.46 , 71.89 
7,1,0.1, 70.87 , 70.02 
8,1,0.1, 80.89 , 79.41 
8,1,0.1, 80.12 , 78.84 
8,1,0.1, 78.63 , 80.79 
9,1,0.1, 78.95 , 82.03 
9,1,0.1, 84.00 , 84.00 
9,1,0.1, 81.46 , 81.10 
10,1,0.1, 79.96 , 79.83 
10,1,0.1, 81.76 , 81.06 
10,1,0.1, 78.79 , 80.33 
11,1,0.1, 66.19 , 62.28 
11,1,0.1, 62.10 , 67.38 
11,1,0.1, 72.93 , 72.87 
12,1,0.1, 64.72 , 63.63 
12,1,0.1, 66.73 , 64.71 
12,1,0.1, 64.78 , 63.31 
13,1,0.1, 67.17 , 63.01 
13,1,0.1, 65.26 , 60.00 
13,1,0.1, 63.33 , 61.29 
14,1,0.1, 23.62 , 31.75 
14,1,0.1, 20.75 , 17.78 
14,1,0.1, 26.55 , 26.55 
15,1,0.1, 84.00 , 84.00 
15,1,0.1, 84.00 , 84.00 
15,1,0.1, 84.00 , 84.00 
16,1,0.1, 69.19 , 78.49 
16,1,0.1, 75.10 , 74.05 
16,1,0.1, 70.68 , 71.19 
17,1,0.1, 71.49 , 72.04 
17,1,0.1, 71.38 , 72.62 
17,1,0.1, 71.97 , 71.94 
18,1,0.1, 67.20 , 68.57 
18,1,0.1, 69.00 , 70.79 
18,1,0.1, 68.82 , 68.90 
19,1,0.1, 69.63 , 67.31 
19,1,0.1, 70.40 , 67.40 
19,1,0.1, 60.73 , 61.89 
20,1,0.1, 72.38 , 70.71 
20,1,0.1, 74.14 , 70.62 
20,1,0.1, 72.10 , 71.70 
21,1,0.1, 84.00 , 84.00 
21,1,0.1, 84.00 , 84.00 
21,1,0.1, 84.00 , 84.00 
22,1,0.1, 84.00 , 84.00 
22,1,0.1, 84.00 , 84.00 
22,1,0.1, 84.00 , 84.00 
23,1,0.1, 52.36 , 55.63 
23,1,0.1, 57.53 , 58.51 
23,1,0.1, 41.57 , 40.43 
24,1,0.1, 84.00 , 84.00 
24,1,0.1, 84.00 , 84.00 
24,1,0.1, 77.41 , 80.04 
25,1,0.1, 60.22 , 61.94 
25,1,0.1, 57.88 , 56.85 
25,1,0.1, 59.21 , 51.42 
26,1,0.1, 40.22 , 42.74 
26,1,0.1, 43.34 , 43.00 
26,1,0.1, 47.34 , 46.14 
27,1,0.1, 53.54 , 56.62 
27,1,0.1, 56.27 , 53.36 
27,1,0.1, 84.00 , 84.00 
28,1,0.1, 84.00 , 84.00 
28,1,0.1, 84.00 , 84.00 
28,1,0.1, 84.00 , 84.00 
29,1,0.1, 84.00 , 84.00 
29,1,0.1, 84.00 , 84.00 
29,1,0.1, 84.00 , 84.00 
30,1,0.1, 74.94 , 73.46 
30,1,0.1, 84.00 , 84.00 
30,1,0.1, 63.26 , 62.32 
31,1,0.1, 63.38 , 65.62 
31,1,0.1, 69.44 , 65.57 
31,1,0.1, 67.40 , 65.90 
32,1,0.1, 76.14 , 75.62 
32,1,0.1, 71.89 , 71.83 
32,1,0.1, 75.89 , 74.03 
33,1,0.1, 62.54 , 63.98 
33,1,0.1, 67.45 , 62.16 
33,1,0.1, 61.84 , 63.29 
34,1,0.1, 69.46 , 69.18 
34,1,0.1, 71.22 , 64.44 
34,1,0.1, 68.73 , 62.02 
35,1,0.1, 68.36 , 69.00 
35,1,0.1, 66.01 , 67.96 
35,1,0.1, 60.03 , 62.66 
36,1,0.1, 58.47 , 57.30 
36,1,0.1, 60.16 , 61.32 
36,1,0.1, 59.34 , 59.34 
37,1,0.1, 59.42 , 54.61 
37,1,0.1, 62.40 , 60.26 
37,1,0.1, 60.16 , 61.32 
38,1,0.1, 63.38 , 65.62 
38,1,0.1, 63.44 , 65.57 
38,1,0.1, 67.40 , 65.90 
39,1,0.1, 53.91 , 53.50 
39,1,0.1, 48.10 , 49.15 
39,1,0.1, 55.35 , 55.20 
40,1,0.1, 79.33 , 78.22 
40,1,0.1, 77.53 , 78.26 
40,1,0.1, 73.36 , 76.91 
41,1,0.1, 84.00 , 84.00 
41,1,0.1, 84.00 , 84.00 
41,1,0.1, 84.00 , 84.00 
42,1,0.1, 84.00 , 84.00 
42,1,0.1, 84.00 , 84.00 
42,1,0.1, 84.00 , 84.00 
43,1,0.1, 84.00 , 84.00 
43,1,0.1, 84.00 , 84.00 
43,1,0.1, 84.00 , 84.00 
44,1,0.1, 63.53 , 67.38 
44,1,0.1, 71.56 , 71.64 
44,1,0.1, 68.26 , 64.69 
45,1,0.1, 66.86 , 62.58 
45,1,0.1, 64.42 , 63.01 
45,1,0.1, 74.00 , 74.00 
46,1,0.1, 84.00 , 84.00 
46,1,0.1, 84.00 , 84.00 
46,1,0.1, 84.00 , 84.00 
47,1,0.1, 64.73 , 64.78 
47,1,0.1, 73.24 , 73.28 
47,1,0.1, 77.16 , 72.58 
48,1,0.1, 68.57 , 67.49 
48,1,0.1, 62.45 , 62.45 
48,1,0.1, 68.77 , 62.27 
49,1,0.1, 64.17 , 64.17 
49,1,0.1, 63.20 , 62.01 
49,1,0.1, 60.68 , 62.27 
50,1,0.1, 84.00 , 79.75 
50,1,0.1, 84.00 , 84.00 
50,1,0.1, 84.00 , 84.00 
1,1,0.5, 34.94 , 31.99 
1,1,0.5, 35.73 , 32.77 
1,1,0.5, 36.22 , 36.61 
2,1,0.5, 71.90 , 71.86 
2,1,0.5, 68.48 , 62.41 
2,1,0.5, 56.56 , 51.33 
3,1,0.5, 56.47 , 57.62 
3,1,0.5, 70.12 , 63.62 
3,1,0.5, 67.08 , 68.47 
4,1,0.5, 74.15 , 74.14 
4,1,0.5, 70.74 , 70.74 
4,1,0.5, 75.88 , 74.45 
5,1,0.5, 57.17 , 45.56 
5,1,0.5, 51.68 , 49.36 
5,1,0.5, 61.19 , 50.39 
6,1,0.5, 63.22 , 55.48 
6,1,0.5, 73.84 , 67.54 
6,1,0.5, 72.08 , 68.63 
7,1,0.5, 62.22 , 61.28 
7,1,0.5, 62.35 , 61.40 
7,1,0.5, 64.54 , 65.47 
8,1,0.5, 67.17 , 67.10 
8,1,0.5, 69.95 , 69.89 
8,1,0.5, 70.00 , 63.78 
9,1,0.5, 78.57 , 75.82 
9,1,0.5, 77.75 , 84.00 
9,1,0.5, 78.82 , 72.81 
10,1,0.5, 67.55 , 71.05 
10,1,0.5, 64.87 , 62.87 
10,1,0.5, 62.58 , 63.48 
11,1,0.5, 64.95 , 60.79 
11,1,0.5, 61.91 , 69.23 
11,1,0.5, 67.83 , 64.62 
12,1,0.5, 51.76 , 47.15 
12,1,0.5, 52.42 , 52.83 
12,1,0.5, 45.98 , 44.97 
13,1,0.5, 61.86 , 65.63 
13,1,0.5, 50.37 , 60.28 
13,1,0.5, 58.82 , 58.27 
14,1,0.5, 25.25 , 26.81 
14,1,0.5, 18.46 , 12.79 
14,1,0.5, 18.95 , 17.88 
15,1,0.5, 65.99 , 68.14 
15,1,0.5, 66.64 , 56.25 
15,1,0.5, 69.57 , 66.82 
16,1,0.5, 64.50 , 62.17 
16,1,0.5, 62.46 , 60.47 
16,1,0.5, 67.24 , 65.90 
17,1,0.5, 70.33 , 70.44 
17,1,0.5, 63.38 , 58.21 
17,1,0.5, 64.50 , 62.70 
18,1,0.5, 63.73 , 55.85 
18,1,0.5, 63.82 , 59.15 
18,1,0.5, 59.49 , 62.87 
19,1,0.5, 53.49 , 46.82 
19,1,0.5, 51.14 , 49.17 
19,1,0.5, 49.87 , 51.23 
20,1,0.5, 50.24 , 52.36 
20,1,0.5, 48.06 , 46.09 
20,1,0.5, 48.09 , 51.01 
21,1,0.5, 84.00 , 84.00 
21,1,0.5, 84.00 , 84.00 
21,1,0.5, 84.00 , 84.00 
22,1,0.5, 84.00 , 84.00 
22,1,0.5, 84.00 , 84.00 
22,1,0.5, 84.00 , 84.00 
23,1,0.5, 41.93 , 39.71 
23,1,0.5, 56.45 , 56.34 
23,1,0.5, 36.86 , 38.91 
24,1,0.5, 47.94 , 44.31 
24,1,0.5, 71.04 , 70.91 
24,1,0.5, 50.25 , 47.00 
25,1,0.5, 27.44 , 23.22 
25,1,0.5, 24.11 , 24.10 
25,1,0.5, 16.54 , 19.22 
26,1,0.5, 40.76 , 36.86 
26,1,0.5, 42.20 , 44.29 
26,1,0.5, 43.77 , 35.34 
27,1,0.5, 43.75 , 41.28 
27,1,0.5, 46.49 , 42.60 
27,1,0.5, 84.00 , 84.00 
28,1,0.5, 84.00 , 84.00 
28,1,0.5, 84.00 , 84.00 
28,1,0.5, 84.00 , 84.00 
29,1,0.5, 79.28 , 79.28 
29,1,0.5, 78.21 , 76.71 
29,1,0.5, 84.00 , 84.00 
30,1,0.5, 68.62 , 69.00 
30,1,0.5, 84.00 , 84.00 
30,1,0.5, 51.12 , 54.20 
31,1,0.5, 45.47 , 45.92 
31,1,0.5, 46.48 , 48.36 
31,1,0.5, 48.05 , 36.23 
32,1,0.5, 64.90 , 60.08 
32,1,0.5, 62.39 , 61.40 
32,1,0.5, 64.69 , 60.66 
33,1,0.5, 48.56 , 37.66 
33,1,0.5, 46.73 , 41.68 
33,1,0.5, 55.32 , 45.57 
34,1,0.5, 54.41 , 48.41 
34,1,0.5, 49.30 , 48.41 
34,1,0.5, 50.96 , 49.53 
35,1,0.5, 44.39 , 41.57 
35,1,0.5, 46.73 , 41.42 
35,1,0.5, 41.52 , 43.14 
36,1,0.5, 19.95 , 18.58 
36,1,0.5, 42.42 , 37.45 
36,1,0.5, 42.43 , 35.30 
37,1,0.5, 45.85 , 47.92 
37,1,0.5, 46.69 , 45.79 
37,1,0.5, 47.54 , 44.71 
38,1,0.5, 47.52 , 30.78 
38,1,0.5, 45.83 , 43.21 
38,1,0.5, 46.93 , 46.82 
39,1,0.5, 46.52 , 42.81 
39,1,0.5, 44.61 , 45.63 
39,1,0.5, 49.01 , 48.90 
40,1,0.5, 74.31 , 75.24 
40,1,0.5, 67.11 , 61.54 
40,1,0.5, 71.82 , 71.52 
41,1,0.5, 84.00 , 84.00 
41,1,0.5, 84.00 , 84.00 
41,1,0.5, 84.00 , 84.00 
42,1,0.5, 84.00 , 84.00 
42,1,0.5, 84.00 , 84.00 
42,1,0.5, 84.00 , 84.00 
43,1,0.5, 84.00 , 84.00 
43,1,0.5, 84.00 , 84.00 
43,1,0.5, 84.00 , 84.00 
44,1,0.5, 62.35 , 59.53 
44,1,0.5, 57.87 , 55.24 
44,1,0.5, 59.22 , 63.83 
45,1,0.5, 54.70 , 59.00 
45,1,0.5, 63.67 , 66.81 
45,1,0.5, 67.83 , 70.45 
46,1,0.5, 68.59 , 65.64 
46,1,0.5, 60.34 , 62.66 
46,1,0.5, 66.26 , 69.31 
47,1,0.5, 58.45 , 55.99 
47,1,0.5, 56.43 , 56.36 
47,1,0.5, 58.92 , 54.07 
48,1,0.5, 37.02 , 47.02 
48,1,0.5, 38.28 , 38.28 
48,1,0.5, 43.73 , 43.73 
49,1,0.5, 43.57 , 44.09 
49,1,0.5, 51.78 , 40.71 
49,1,0.5, 45.29 , 45.29 
50,1,0.5, 63.01 , 60.96 
50,1,0.5, 63.10 , 61.09 
50,1,0.5, 77.94 , 84.00 
1,1,1, 23.50 , 15.88 
1,1,1, 13.39 , 12.92 
1,1,1, 15.28 , 16.49 
2,1,1, 60.19 , 55.62 
2,1,1, 52.82 , 51.58 
2,1,1, 51.47 , 50.58 
3,1,1, 61.22 , 57.42 
3,1,1, 55.19 , 58.02 
3,1,1, 62.12 , 58.02 
4,1,1, 54.45 , 55.89 
4,1,1, 53.02 , 53.22 
4,1,1, 55.14 , 56.76 
5,1,1, 41.55 , 48.77 
5,1,1, 46.70 , 44.52 
5,1,1, 50.42 , 50.87 
6,1,1, 49.36 , 49.40 
6,1,1, 56.64 , 53.25 
6,1,1, 51.88 , 54.41 
7,1,1, 55.60 , 48.86 
7,1,1, 59.43 , 59.43 
7,1,1, 46.21 , 39.37 
8,1,1, 52.72 , 54.21 
8,1,1, 46.65 , 49.58 
8,1,1, 35.00 , 46.01 
9,1,1, 66.63 , 63.14 
9,1,1, 59.17 , 61.01 
9,1,1, 51.45 , 42.76 
10,1,1, 47.22 , 50.08 
10,1,1, 30.28 , 30.82 
10,1,1, 37.09 , 37.99 
11,1,1, 52.68 , 44.11 
11,1,1, 55.54 , 54.24 
11,1,1, 53.51 , 54.04 
12,1,1, 35.71 , 33.95 
12,1,1, 41.69 , 34.54 
12,1,1, 34.72 , 35.50 
13,1,1, 49.05 , 49.16 
13,1,1, 44.61 , 35.80 
13,1,1, 46.44 , 50.11 
14,1,1, 15.45 , 11.25 
14,1,1, 24.23 , 17.83 
14,1,1, 17.10 , 15.06 
15,1,1, 44.19 , 40.50 
15,1,1, 47.55 , 41.66 
15,1,1, 42.36 , 40.69 
16,1,1, 49.33 , 47.80 
16,1,1, 55.21 , 51.46 
16,1,1, 49.13 , 50.39 
17,1,1, 45.82 , 45.99 
17,1,1, 43.62 , 44.49 
17,1,1, 43.62 , 44.49 
18,1,1, 49.18 , 50.03 
18,1,1, 47.01 , 46.84 
18,1,1, 47.20 , 37.83 
19,1,1, 39.64 , 42.93 
19,1,1, 43.25 , 41.38 
19,1,1, 40.66 , 36.18 
20,1,1, 42.39 , 46.42 
20,1,1, 42.02 , 38.12 
20,1,1, 37.67 , 40.29 
21,1,1, 56.73 , 45.85 
21,1,1, 44.58 , 50.69 
21,1,1, 46.50 , 57.15 
22,1,1, 72.12 , 69.67 
22,1,1, 71.18 , 73.09 
22,1,1, 66.07 , 67.14 
23,1,1, 37.68 , 39.45 
23,1,1, 51.78 , 51.95 
23,1,1, 35.39 , 38.08 
24,1,1, 44.00 , 44.00 
24,1,1, 44.75 , 41.50 
24,1,1, 40.47 , 21.43 
25,1,1, 15.39 , 14.61 
25,1,1, 14.14 , 14.14 
25,1,1, 17.89 , 13.74 
26,1,1, 34.57 , 28.45 
26,1,1, 32.02 , 31.51 
26,1,1, 36.26 , 34.70 
27,1,1, 32.96 , 26.66 
27,1,1, 34.88 , 30.20 
27,1,1, 37.45 , 39.99 
28,1,1, 69.12 , 66.87 
28,1,1, 70.83 , 72.09 
28,1,1, 72.57 , 73.58 
29,1,1, 51.20 , 42.36 
29,1,1, 49.95 , 43.85 
29,1,1, 50.14 , 44.11 
30,1,1, 61.80 , 54.95 
30,1,1, 76.32 , 73.11 
30,1,1, 51.43 , 52.95 
31,1,1, 41.14 , 36.49 
31,1,1, 41.16 , 31.94 
31,1,1, 41.43 , 36.68 
32,1,1, 53.56 , 51.90 
32,1,1, 53.30 , 51.20 
32,1,1, 54.97 , 54.73 
33,1,1, 25.70 , 25.78 
33,1,1, 36.97 , 32.89 
33,1,1, 37.10 , 32.70 
34,1,1, 41.96 , 34.99 
34,1,1, 51.99 , 51.05 
34,1,1, 50.57 , 45.53 
35,1,1, 31.42 , 28.18 
35,1,1, 33.10 , 26.23 
35,1,1, 36.07 , 28.03 
36,1,1, 16.64 , 16.03 
36,1,1, 30.67 , 29.68 
36,1,1, 24.17 , 20.15 
37,1,1, 43.71 , 41.15 
37,1,1, 43.03 , 41.23 
37,1,1, 46.02 , 40.02 
38,1,1, 36.56 , 28.24 
38,1,1, 36.56 , 28.24 
38,1,1, 36.56 , 28.24 
39,1,1, 40.38 , 34.94 
39,1,1, 43.27 , 42.43 
39,1,1, 41.07 , 44.53 
40,1,1, 54.88 , 53.81 
40,1,1, 47.86 , 50.75 
40,1,1, 68.92 , 67.90 
41,1,1, 48.38 , 47.75 
41,1,1, 60.81 , 50.91 
41,1,1, 47.13 , 41.70 
42,1,1, 56.31 , 55.36 
42,1,1, 57.13 , 54.16 
42,1,1, 55.84 , 51.33 
43,1,1, 60.82 , 55.29 
43,1,1, 66.40 , 63.56 
43,1,1, 62.80 , 64.10 
44,1,1, 49.64 , 48.26 
44,1,1, 47.81 , 47.77 
44,1,1, 49.02 , 40.68 
45,1,1, 51.64 , 51.90 
45,1,1, 48.03 , 50.95 
45,1,1, 46.71 , 50.69 
46,1,1, 51.96 , 50.54 
46,1,1, 51.44 , 44.58 
46,1,1, 38.49 , 37.59 
47,1,1, 52.67 , 55.35 
47,1,1, 52.04 , 56.30 
47,1,1, 49.40 , 46.61 
48,1,1, 36.01 , 31.68 
48,1,1, 34.19 , 34.02 
48,1,1, 33.52 , 30.35 
49,1,1, 40.39 , 38.36 
49,1,1, 40.80 , 34.39 
49,1,1, 38.35 , 38.09 
50,1,1, 50.55 , 46.36 
50,1,1, 48.95 , 44.17 
50,1,1, 64.94 , 63.47 
1,2,0, 84.00 , 84.00 
1,2,0, 84.00 , 84.00 
1,2,0, 84.00 , 84.00 
2,2,0, 84.00 , 84.00 
2,2,0, 84.00 , 84.00 
2,2,0, 84.00 , 84.00 
3,2,0, 84.00 , 84.00 
3,2,0, 84.00 , 84.00 
3,2,0, 84.00 , 84.00 
4,2,0, 84.00 , 84.00 
4,2,0, 84.00 , 84.00 
4,2,0, 84.00 , 84.00 
5,2,0, 84.00 , 84.00 
5,2,0, 84.00 , 84.00 
5,2,0, 84.00 , 84.00 
6,2,0, 84.00 , 84.00 
6,2,0, 84.00 , 84.00 
6,2,0, 84.00 , 84.00 
7,2,0, 84.00 , 84.00 
7,2,0, 84.00 , 84.00 
7,2,0, 84.00 , 84.00 
8,2,0, 84.00 , 84.00 
8,2,0, 84.00 , 84.00 
8,2,0, 84.00 , 84.00 
9,2,0, 84.00 , 84.00 
9,2,0, 84.00 , 84.00 
9,2,0, 84.00 , 84.00 
10,2,0, 84.00 , 84.00 
10,2,0, 84.00 , 84.00 
10,2,0, 84.00 , 84.00 
11,2,0, 84.00 , 84.00 
11,2,0, 84.00 , 84.00 
11,2,0, 84.00 , 84.00 
12,2,0, 84.00 , 84.00 
12,2,0, 84.00 , 84.00 
12,2,0, 84.00 , 84.00 
13,2,0, 84.00 , 84.00 
13,2,0, 84.00 , 84.00 
13,2,0, 84.00 , 84.00 
14,2,0, 84.00 , 84.00 
14,2,0, 84.00 , 84.00 
14,2,0, 84.00 , 84.00 
15,2,0, 84.00 , 84.00 
15,2,0, 84.00 , 84.00 
15,2,0, 84.00 , 84.00 
16,2,0, 84.00 , 84.00 
16,2,0, 84.00 , 84.00 
16,2,0, 84.00 , 84.00 
17,2,0, 84.00 , 84.00 
17,2,0, 84.00 , 84.00 
17,2,0, 84.00 , 84.00 
18,2,0, 84.00 , 84.00 
18,2,0, 84.00 , 84.00 
18,2,0, 84.00 , 84.00 
19,2,0, 84.00 , 84.00 
19,2,0, 84.00 , 84.00 
19,2,0, 84.00 , 84.00 
20,2,0, 84.00 , 84.00 
20,2,0, 84.00 , 84.00 
20,2,0, 84.00 , 84.00 
21,2,0, 84.00 , 84.00 
21,2,0, 84.00 , 84.00 
21,2,0, 84.00 , 84.00 
22,2,0, 84.00 , 84.00 
22,2,0, 84.00 , 84.00 
22,2,0, 84.00 , 84.00 
23,2,0, 84.00 , 84.00 
23,2,0, 84.00 , 84.00 
23,2,0, 84.00 , 84.00 
24,2,0, 84.00 , 84.00 
24,2,0, 84.00 , 84.00 
24,2,0, 84.00 , 84.00 
25,2,0, 84.00 , 84.00 
25,2,0, 84.00 , 84.00 
25,2,0, 84.00 , 84.00 
26,2,0, 78.47 , 78.47 
26,2,0, 77.23 , 74.23 
26,2,0, 75.13 , 75.13 
27,2,0, 84.00 , 84.00 
27,2,0, 84.00 , 84.00 
27,2,0, 84.00 , 84.00 
28,2,0, 84.00 , 84.00 
28,2,0, 84.00 , 84.00 
28,2,0, 84.00 , 84.00 
29,2,0, 84.00 , 84.00 
29,2,0, 84.00 , 84.00 
29,2,0, 84.00 , 84.00 
30,2,0, 84.00 , 84.00 
30,2,0, 84.00 , 84.00 
30,2,0, 84.00 , 84.00 
31,2,0, 84.00 , 84.00 
31,2,0, 84.00 , 84.00 
31,2,0, 84.00 , 84.00 
32,2,0, 84.00 , 84.00 
32,2,0, 84.00 , 84.00 
32,2,0, 84.00 , 84.00 
33,2,0, 84.00 , 84.00 
33,2,0, 84.00 , 84.00 
33,2,0, 83.10 , 83.10 
34,2,0, 84.00 , 84.00 
34,2,0, 84.00 , 84.00 
34,2,0, 84.00 , 84.00 
35,2,0, 84.00 , 84.00 
35,2,0, 84.00 , 84.00 
35,2,0, 84.00 , 84.00 
36,2,0, 81.58 , 81.58 
36,2,0, 84.00 , 84.00 
36,2,0, 84.00 , 84.00 
37,2,0, 84.00 , 84.00 
37,2,0, 84.00 , 84.00 
37,2,0, 84.00 , 84.00 
38,2,0, 68.10 , 68.10 
38,2,0, 77.36 , 77.36 
38,2,0, 84.00 , 84.00 
39,2,0, 84.00 , 84.00 
39,2,0, 84.00 , 84.00 
39,2,0, 84.00 , 84.00 
40,2,0, 84.00 , 84.00 
40,2,0, 84.00 , 84.00 
40,2,0, 84.00 , 84.00 
41,2,0, 84.00 , 84.00 
41,2,0, 84.00 , 84.00 
41,2,0, 84.00 , 84.00 
42,2,0, 84.00 , 84.00 
42,2,0, 84.00 , 84.00 
42,2,0, 84.00 , 84.00 
43,2,0, 84.00 , 84.00 
43,2,0, 84.00 , 84.00 
43,2,0, 84.00 , 84.00 
44,2,0, 84.00 , 84.00 
44,2,0, 84.00 , 84.00 
44,2,0, 84.00 , 84.00 
45,2,0, 84.00 , 84.00 
45,2,0, 84.00 , 84.00 
45,2,0, 84.00 , 84.00 
46,2,0, 84.00 , 84.00 
46,2,0, 84.00 , 84.00 
46,2,0, 84.00 , 84.00 
47,2,0, 84.00 , 84.00 
47,2,0, 84.00 , 84.00 
47,2,0, 84.00 , 84.00 
48,2,0, 84.00 , 84.00 
48,2,0, 84.00 , 84.00 
48,2,0, 84.00 , 84.00 
49,2,0, 82.38 , 82.38 
49,2,0, 79.81 , 79.81 
49,2,0, 81.73 , 79.73 
50,2,0, 84.00 , 84.00 
50,2,0, 84.00 , 84.00 
50,2,0, 84.00 , 84.00 
1,2,0.001, 84.00 , 84.00 
1,2,0.001, 84.00 , 84.00 
1,2,0.001, 84.00 , 84.00 
2,2,0.001, 81.00 , 78.00 
2,2,0.001, 84.00 , 84.00 
2,2,0.001, 84.00 , 84.00 
3,2,0.001, 84.00 , 84.00 
3,2,0.001, 84.00 , 84.00 
3,2,0.001, 84.00 , 84.00 
4,2,0.001, 84.00 , 84.00 
4,2,0.001, 84.00 , 84.00 
4,2,0.001, 81.60 , 79.20 
5,2,0.001, 84.00 , 30.96 
5,2,0.001, 84.00 , 84.00 
5,2,0.001, 84.00 , 84.00 
6,2,0.001, 84.00 , 84.00 
6,2,0.001, 84.00 , 84.00 
6,2,0.001, 84.00 , 84.00 
7,2,0.001, 84.00 , 84.00 
7,2,0.001, 84.00 , 84.00 
7,2,0.001, 84.00 , 84.00 
8,2,0.001, 84.00 , 84.00 
8,2,0.001, 84.00 , 84.00 
8,2,0.001, 84.00 , 84.00 
9,2,0.001, 84.00 , 84.00 
9,2,0.001, 84.00 , 84.00 
9,2,0.001, 84.00 , 84.00 
10,2,0.001, 84.00 , 84.00 
10,2,0.001, 84.00 , 84.00 
10,2,0.001, 84.00 , 84.00 
11,2,0.001, 84.00 , 84.00 
11,2,0.001, 84.00 , 84.00 
11,2,0.001, 84.00 , 84.00 
12,2,0.001, 84.00 , 84.00 
12,2,0.001, 84.00 , 84.00 
12,2,0.001, 84.00 , 84.00 
13,2,0.001, 84.00 , 84.00 
13,2,0.001, 84.00 , 84.00 
13,2,0.001, 84.00 , 84.00 
14,2,0.001, 84.00 , 84.00 
14,2,0.001, 84.00 , 84.00 
14,2,0.001, 84.00 , 84.00 
15,2,0.001, 84.00 , 84.00 
15,2,0.001, 84.00 , 84.00 
15,2,0.001, 84.00 , 84.00 
16,2,0.001, 84.00 , 84.00 
16,2,0.001, 84.00 , 84.00 
16,2,0.001, 84.00 , 84.00 
17,2,0.001, 84.00 , 84.00 
17,2,0.001, 84.00 , 84.00 
17,2,0.001, 84.00 , 84.00 
18,2,0.001, 84.00 , 84.00 
18,2,0.001, 84.00 , 84.00 
18,2,0.001, 80.83 , 77.66 
19,2,0.001, 82.86 , 82.72 
19,2,0.001, 82.25 , 82.49 
19,2,0.001, 84.00 , 84.00 
20,2,0.001, 84.00 , 84.00 
20,2,0.001, 84.00 , 84.00 
20,2,0.001, 84.00 , 84.00 
21,2,0.001, 84.00 , 84.00 
21,2,0.001, 84.00 , 84.00 
21,2,0.001, 84.00 , 84.00 
22,2,0.001, 84.00 , 84.00 
22,2,0.001, 84.00 , 84.00 
22,2,0.001, 84.00 , 84.00 
23,2,0.001, 78.75 , 79.50 
23,2,0.001, 80.76 , 80.52 
23,2,0.001, 82.97 , 81.94 
24,2,0.001, 84.00 , 84.00 
24,2,0.001, 84.00 , 84.00 
24,2,0.001, 84.00 , 84.00 
25,2,0.001, 84.00 , 84.00 
25,2,0.001, 84.00 , 84.00 
25,2,0.001, 84.00 , 84.00 
26,2,0.001, 72.52 , 75.22 
26,2,0.001, 73.64 , 72.43 
26,2,0.001, 69.64 , 62.43 
27,2,0.001, 81.55 , 81.28 
27,2,0.001, 80.77 , 79.37 
27,2,0.001, 84.00 , 84.00 
28,2,0.001, 84.00 , 84.00 
28,2,0.001, 84.00 , 84.00 
28,2,0.001, 84.00 , 84.00 
29,2,0.001, 84.00 , 84.00 
29,2,0.001, 84.00 , 84.00 
29,2,0.001, 84.00 , 84.00 
30,2,0.001, 84.00 , 84.00 
30,2,0.001, 84.00 , 84.00 
30,2,0.001, 84.00 , 84.00 
31,2,0.001, 84.00 , 84.00 
31,2,0.001, 80.93 , 77.85 
31,2,0.001, 84.00 , 84.00 
32,2,0.001, 84.00 , 84.00 
32,2,0.001, 84.00 , 84.00 
32,2,0.001, 84.00 , 84.00 
33,2,0.001, 80.45 , 76.90 
33,2,0.001, 84.00 , 84.00 
33,2,0.001, 78.69 , 78.72 
34,2,0.001, 81.47 , 82.94 
34,2,0.001, 83.13 , 82.26 
34,2,0.001, 80.41 , 76.82 
35,2,0.001, 81.67 , 79.34 
35,2,0.001, 84.00 , 84.00 
35,2,0.001, 82.15 , 80.30 
36,2,0.001, 77.83 , 71.65 
36,2,0.001, 77.33 , 83.80 
36,2,0.001, 80.66 , 79.91 
37,2,0.001, 81.42 , 78.83 
37,2,0.001, 82.84 , 81.68 
37,2,0.001, 81.28 , 79.26 
38,2,0.001, 65.35 , 63.52 
38,2,0.001, 72.74 , 71.51 
38,2,0.001, 80.89 , 73.74 
39,2,0.001, 78.68 , 77.16 
39,2,0.001, 81.23 , 78.45 
39,2,0.001, 79.32 , 78.82 
40,2,0.001, 84.00 , 84.00 
40,2,0.001, 84.00 , 84.00 
40,2,0.001, 84.00 , 84.00 
41,2,0.001, 84.00 , 84.00 
41,2,0.001, 84.00 , 84.00 
41,2,0.001, 84.00 , 84.00 
42,2,0.001, 84.00 , 84.00 
42,2,0.001, 84.00 , 84.00 
42,2,0.001, 84.00 , 84.00 
43,2,0.001, 84.00 , 84.00 
43,2,0.001, 84.00 , 84.00 
43,2,0.001, 84.00 , 84.00 
44,2,0.001, 84.00 , 84.00 
44,2,0.001, 82.88 , 82.75 
44,2,0.001, 81.54 , 79.07 
45,2,0.001, 84.00 , 84.00 
45,2,0.001, 82.68 , 81.36 
45,2,0.001, 84.00 , 84.00 
46,2,0.001, 84.00 , 84.00 
46,2,0.001, 84.00 , 84.00 
46,2,0.001, 84.00 , 84.00 
47,2,0.001, 82.50 , 80.99 
47,2,0.001, 81.58 , 83.16 
47,2,0.001, 84.00 , 84.00 
48,2,0.001, 82.03 , 80.06 
48,2,0.001, 84.00 , 84.00 
48,2,0.001, 81.35 , 81.70 
49,2,0.001, 75.74 , 77.47 
49,2,0.001, 76.86 , 79.10 
49,2,0.001, 78.25 , 78.45 
50,2,0.001, 84.00 , 84.00 
50,2,0.001, 84.00 , 84.00 
50,2,0.001, 84.00 , 84.00 
1,2,0.005, 84.00 , 84.00 
1,2,0.005, 84.00 , 84.00 
1,2,0.005, 84.00 , 84.00 
2,2,0.005, 79.92 , 75.83 
2,2,0.005, 80.58 , 77.15 
2,2,0.005, 82.30 , 80.59 
3,2,0.005, 84.00 , 84.00 
3,2,0.005, 84.00 , 84.00 
3,2,0.005, 84.00 , 84.00 
4,2,0.005, 84.00 , 84.00 
4,2,0.005, 84.00 , 84.00 
4,2,0.005, 80.74 , 77.48 
5,2,0.005, 84.00 , 71.25 
5,2,0.005, 84.00 , 73.55 
5,2,0.005, 84.00 , 73.01 
6,2,0.005, 84.00 , 84.00 
6,2,0.005, 84.00 , 84.00 
6,2,0.005, 80.97 , 84.00 
7,2,0.005, 84.00 , 84.00 
7,2,0.005, 84.00 , 84.00 
7,2,0.005, 84.00 , 84.00 
8,2,0.005, 84.00 , 84.00 
8,2,0.005, 84.00 , 84.00 
8,2,0.005, 84.00 , 84.00 
9,2,0.005, 78.69 , 56.39 
9,2,0.005, 84.00 , 76.81 
9,2,0.005, 81.54 , 80.62 
10,2,0.005, 84.00 , 84.00 
10,2,0.005, 84.00 , 84.00 
10,2,0.005, 84.00 , 84.00 
11,2,0.005, 84.00 , 84.00 
11,2,0.005, 84.00 , 84.00 
11,2,0.005, 84.00 , 84.00 
12,2,0.005, 84.00 , 84.00 
12,2,0.005, 84.00 , 84.00 
12,2,0.005, 81.69 , 84.00 
13,2,0.005, 84.00 , 84.00 
13,2,0.005, 84.00 , 84.00 
13,2,0.005, 84.00 , 84.00 
14,2,0.005, 84.00 , 84.00 
14,2,0.005, 84.00 , 84.00 
14,2,0.005, 84.00 , 84.00 
15,2,0.005, 84.00 , 84.00 
15,2,0.005, 84.00 , 84.00 
15,2,0.005, 84.00 , 84.00 
16,2,0.005, 83.20 , 82.40 
16,2,0.005, 84.00 , 84.00 
16,2,0.005, 83.39 , 82.78 
17,2,0.005, 84.00 , 84.00 
17,2,0.005, 84.00 , 84.00 
17,2,0.005, 84.00 , 84.00 
18,2,0.005, 84.00 , 84.00 
18,2,0.005, 84.00 , 84.00 
18,2,0.005, 80.48 , 76.95 
19,2,0.005, 81.55 , 81.09 
19,2,0.005, 81.36 , 81.72 
19,2,0.005, 80.48 , 79.95 
20,2,0.005, 84.00 , 84.00 
20,2,0.005, 84.00 , 84.00 
20,2,0.005, 84.00 , 84.00 
21,2,0.005, 84.00 , 84.00 
21,2,0.005, 84.00 , 84.00 
21,2,0.005, 84.00 , 84.00 
22,2,0.005, 84.00 , 84.00 
22,2,0.005, 84.00 , 84.00 
22,2,0.005, 84.00 , 84.00 
23,2,0.005, 78.73 , 78.30 
23,2,0.005, 79.89 , 78.07 
23,2,0.005, 76.60 , 72.62 
24,2,0.005, 84.00 , 84.00 
24,2,0.005, 84.00 , 84.00 
24,2,0.005, 84.00 , 84.00 
25,2,0.005, 84.00 , 84.00 
25,2,0.005, 84.00 , 84.00 
25,2,0.005, 84.00 , 84.00 
26,2,0.005, 69.82 , 69.34 
26,2,0.005, 69.85 , 66.53 
26,2,0.005, 68.43 , 66.34 
27,2,0.005, 77.69 , 79.10 
27,2,0.005, 77.53 , 77.53 
27,2,0.005, 84.00 , 84.00 
28,2,0.005, 84.00 , 84.00 
28,2,0.005, 84.00 , 84.00 
28,2,0.005, 84.00 , 84.00 
29,2,0.005, 84.00 , 84.00 
29,2,0.005, 84.00 , 84.00 
29,2,0.005, 84.00 , 84.00 
30,2,0.005, 84.00 , 84.00 
30,2,0.005, 84.00 , 84.00 
30,2,0.005, 84.00 , 84.00 
31,2,0.005, 76.39 , 75.49 
31,2,0.005, 76.62 , 75.44 
31,2,0.005, 76.10 , 74.41 
32,2,0.005, 84.00 , 84.00 
32,2,0.005, 84.00 , 84.00 
32,2,0.005, 84.00 , 84.00 
33,2,0.005, 76.19 , 76.80 
33,2,0.005, 84.00 , 84.00 
33,2,0.005, 75.69 , 74.29 
34,2,0.005, 79.24 , 82.29 
34,2,0.005, 75.99 , 74.38 
34,2,0.005, 73.73 , 75.06 
35,2,0.005, 80.44 , 76.88 
35,2,0.005, 79.31 , 74.62 
35,2,0.005, 74.30 , 78.67 
36,2,0.005, 70.97 , 70.35 
36,2,0.005, 76.89 , 81.13 
36,2,0.005, 77.96 , 72.90 
37,2,0.005, 79.88 , 78.09 
37,2,0.005, 79.71 , 75.41 
37,2,0.005, 80.13 , 78.56 
38,2,0.005, 69.61 , 64.12 
38,2,0.005, 70.73 , 69.03 
38,2,0.005, 78.47 , 77.37 
39,2,0.005, 80.34 , 71.17 
39,2,0.005, 78.31 , 72.61 
39,2,0.005, 78.35 , 72.70 
40,2,0.005, 84.00 , 84.00 
40,2,0.005, 84.00 , 84.00 
40,2,0.005, 84.00 , 84.00 
41,2,0.005, 84.00 , 84.00 
41,2,0.005, 84.00 , 84.00 
41,2,0.005, 84.00 , 84.00 
42,2,0.005, 84.00 , 84.00 
42,2,0.005, 84.00 , 84.00 
42,2,0.005, 84.00 , 84.00 
43,2,0.005, 84.00 , 84.00 
43,2,0.005, 84.00 , 84.00 
43,2,0.005, 84.00 , 84.00 
44,2,0.005, 81.24 , 84.00 
44,2,0.005, 81.78 , 79.55 
44,2,0.005, 79.98 , 75.95 
45,2,0.005, 84.00 , 84.00 
45,2,0.005, 79.76 , 75.51 
45,2,0.005, 84.00 , 84.00 
46,2,0.005, 84.00 , 84.00 
46,2,0.005, 84.00 , 84.00 
46,2,0.005, 84.00 , 84.00 
47,2,0.005, 80.44 , 76.88 
47,2,0.005, 81.31 , 81.65 
47,2,0.005, 84.00 , 84.00 
48,2,0.005, 75.83 , 78.51 
48,2,0.005, 80.68 , 84.00 
48,2,0.005, 79.60 , 78.19 
49,2,0.005, 69.93 , 69.88 
49,2,0.005, 74.55 , 67.11 
49,2,0.005, 72.67 , 68.31 
50,2,0.005, 84.00 , 84.00 
50,2,0.005, 84.00 , 84.00 
50,2,0.005, 84.00 , 84.00 
1,2,0.01, 84.00 , 84.00 
1,2,0.01, 84.00 , 84.00 
1,2,0.01, 84.00 , 84.00 
2,2,0.01, 72.03 , 75.97 
2,2,0.01, 75.47 , 73.89 
2,2,0.01, 73.75 , 74.93 
3,2,0.01, 84.00 , 84.00 
3,2,0.01, 84.00 , 84.00 
3,2,0.01, 84.00 , 84.00 
4,2,0.01, 84.00 , 84.00 
4,2,0.01, 84.00 , 84.00 
4,2,0.01, 84.00 , 84.00 
5,2,0.01, 63.97 , 63.21 
5,2,0.01, 69.64 , 61.66 
5,2,0.01, 66.81 , 62.44 
6,2,0.01, 84.00 , 84.00 
6,2,0.01, 84.00 , 84.00 
6,2,0.01, 84.00 , 84.00 
7,2,0.01, 84.00 , 77.47 
7,2,0.01, 83.78 , 85.55 
7,2,0.01, 83.89 , 81.51 
8,2,0.01, 84.00 , 84.00 
8,2,0.01, 84.00 , 84.00 
8,2,0.01, 84.00 , 84.00 
9,2,0.01, 84.00 , 84.00 
9,2,0.01, 84.00 , 84.00 
9,2,0.01, 84.00 , 84.00 
10,2,0.01, 84.00 , 84.00 
10,2,0.01, 84.00 , 84.00 
10,2,0.01, 84.00 , 84.00 
11,2,0.01, 84.00 , 84.00 
11,2,0.01, 84.00 , 84.00 
11,2,0.01, 84.00 , 84.00 
12,2,0.01, 81.22 , 80.05 
12,2,0.01, 84.00 , 84.00 
12,2,0.01, 82.61 , 82.03 
13,2,0.01, 84.00 , 84.00 
13,2,0.01, 84.00 , 84.00 
13,2,0.01, 84.00 , 84.00 
14,2,0.01, 79.26 , 75.60 
14,2,0.01, 82.93 , 80.83 
14,2,0.01, 81.10 , 78.22 
15,2,0.01, 84.00 , 84.00 
15,2,0.01, 84.00 , 84.00 
15,2,0.01, 84.00 , 84.00 
16,2,0.01, 79.19 , 79.84 
16,2,0.01, 73.63 , 75.25 
16,2,0.01, 76.41 , 77.55 
17,2,0.01, 84.00 , 84.00 
17,2,0.01, 84.00 , 84.00 
17,2,0.01, 84.00 , 84.00 
18,2,0.01, 84.00 , 84.00 
18,2,0.01, 84.00 , 84.00 
18,2,0.01, 84.00 , 84.00 
19,2,0.01, 70.76 , 69.49 
19,2,0.01, 79.25 , 78.33 
19,2,0.01, 75.05 , 73.91 
20,2,0.01, 84.00 , 84.00 
20,2,0.01, 83.76 , 82.04 
20,2,0.01, 83.88 , 83.02 
21,2,0.01, 77.39 , 83.60 
21,2,0.01, 82.39 , 83.90 
21,2,0.01, 79.89 , 83.75 
22,2,0.01, 84.00 , 84.00 
22,2,0.01, 83.44 , 76.41 
22,2,0.01, 84.00 , 84.00 
23,2,0.01, 72.00 , 74.58 
23,2,0.01, 67.82 , 60.51 
23,2,0.01, 69.91 , 67.55 
24,2,0.01, 84.00 , 84.00 
24,2,0.01, 84.00 , 84.00 
24,2,0.01, 84.00 , 84.00 
25,2,0.01, 84.00 , 84.00 
25,2,0.01, 84.00 , 84.00 
25,2,0.01, 84.00 , 84.00 
26,2,0.01, 65.68 , 67.48 
26,2,0.01, 65.62 , 66.88 
26,2,0.01, 65.65 , 67.18 
27,2,0.01, 68.70 , 63.63 
27,2,0.01, 73.02 , 69.88 
27,2,0.01, 70.86 , 66.76 
28,2,0.01, 84.00 , 84.00 
28,2,0.01, 84.00 , 84.00 
28,2,0.01, 84.00 , 84.00 
29,2,0.01, 77.65 , 77.77 
29,2,0.01, 79.63 , 78.83 
29,2,0.01, 78.64 , 78.30 
30,2,0.01, 62.99 , 60.81 
30,2,0.01, 62.99 , 60.81 
30,2,0.01, 62.99 , 60.81 
31,2,0.01, 71.59 , 64.95 
31,2,0.01, 67.55 , 67.31 
31,2,0.01, 69.57 , 66.13 
32,2,0.01, 84.00 , 79.93 
32,2,0.01, 79.79 , 79.42 
32,2,0.01, 81.90 , 79.68 
33,2,0.01, 70.70 , 69.18 
33,2,0.01, 70.69 , 79.51 
33,2,0.01, 70.70 , 74.35 
34,2,0.01, 75.00 , 70.47 
34,2,0.01, 72.47 , 70.43 
34,2,0.01, 73.74 , 70.45 
35,2,0.01, 70.23 , 66.24 
35,2,0.01, 67.24 , 66.79 
35,2,0.01, 68.74 , 66.52 
36,2,0.01, 62.67 , 61.24 
36,2,0.01, 58.44 , 68.59 
36,2,0.01, 60.56 , 64.92 
37,2,0.01, 74.48 , 76.40 
37,2,0.01, 75.48 , 77.15 
37,2,0.01, 74.98 , 76.78 
38,2,0.01, 67.84 , 56.76 
38,2,0.01, 61.39 , 57.50 
38,2,0.01, 64.62 , 57.13 
39,2,0.01, 67.40 , 69.16 
39,2,0.01, 70.55 , 71.47 
39,2,0.01, 68.97 , 70.32 
40,2,0.01, 84.00 , 80.53 
40,2,0.01, 84.00 , 82.72 
40,2,0.01, 84.00 , 81.63 
41,2,0.01, 81.04 , 78.55 
41,2,0.01, 82.64 , 81.34 
41,2,0.01, 81.84 , 79.95 
42,2,0.01, 77.82 , 72.04 
42,2,0.01, 70.02 , 79.07 
42,2,0.01, 73.92 , 75.56 
43,2,0.01, 76.52 , 77.38 
43,2,0.01, 72.93 , 68.98 
43,2,0.01, 74.73 , 73.18 
44,2,0.01, 76.16 , 74.77 
44,2,0.01, 79.36 , 80.11 
44,2,0.01, 77.76 , 77.44 
45,2,0.01, 79.33 , 79.40 
45,2,0.01, 80.72 , 78.44 
45,2,0.01, 80.03 , 78.92 
46,2,0.01, 84.00 , 84.00 
46,2,0.01, 69.73 , 66.82 
46,2,0.01, 76.65 , 75.41 
47,2,0.01, 75.80 , 77.13 
47,2,0.01, 74.38 , 79.73 
47,2,0.01, 75.09 , 78.43 
48,2,0.01, 69.93 , 69.37 
48,2,0.01, 70.58 , 65.62 
48,2,0.01, 70.25 , 67.95 
49,2,0.01, 64.76 , 64.76 
49,2,0.01, 72.51 , 67.17 
49,2,0.01, 68.63 , 65.97 
50,2,0.01, 84.00 , 84.00 
50,2,0.01, 84.00 , 84.00 
50,2,0.01, 84.00 , 84.00 
1,2,0.05, 75.63 , 71.74 
1,2,0.05, 73.81 , 71.90 
1,2,0.05, 74.72 , 71.82 
2,2,0.05, 71.33 , 71.73 
2,2,0.05, 72.05 , 72.59 
2,2,0.05, 71.69 , 72.16 
3,2,0.05, 84.00 , 84.00 
3,2,0.05, 84.00 , 84.00 
3,2,0.05, 84.00 , 84.00 
4,2,0.05, 84.00 , 84.00 
4,2,0.05, 84.00 , 84.00 
4,2,0.05, 84.00 , 84.00 
5,2,0.05, 62.25 , 59.74 
5,2,0.05, 65.90 , 60.07 
5,2,0.05, 64.08 , 59.91 
6,2,0.05, 84.00 , 82.92 
6,2,0.05, 84.00 , 82.25 
6,2,0.05, 84.00 , 82.59 
7,2,0.05, 78.97 , 79.66 
7,2,0.05, 81.46 , 78.45 
7,2,0.05, 80.22 , 79.06 
8,2,0.05, 84.00 , 84.00 
8,2,0.05, 84.00 , 84.00 
8,2,0.05, 84.00 , 84.00 
9,2,0.05, 84.00 , 84.00 
9,2,0.05, 84.00 , 84.00 
9,2,0.05, 84.00 , 84.00 
10,2,0.05, 84.00 , 84.00 
10,2,0.05, 84.00 , 84.00 
10,2,0.05, 84.00 , 84.00 
11,2,0.05, 81.62 , 81.09 
11,2,0.05, 84.00 , 76.88 
11,2,0.05, 82.81 , 78.99 
12,2,0.05, 72.11 , 72.61 
12,2,0.05, 81.92 , 70.48 
12,2,0.05, 77.02 , 71.55 
13,2,0.05, 84.00 , 84.00 
13,2,0.05, 84.00 , 79.99 
13,2,0.05, 84.00 , 82.00 
14,2,0.05, 74.97 , 72.58 
14,2,0.05, 76.40 , 76.08 
14,2,0.05, 75.69 , 74.33 
15,2,0.05, 84.00 , 84.00 
15,2,0.05, 84.00 , 84.00 
15,2,0.05, 84.00 , 84.00 
16,2,0.05, 72.87 , 72.20 
16,2,0.05, 69.32 , 67.26 
16,2,0.05, 71.10 , 69.73 
17,2,0.05, 84.00 , 84.00 
17,2,0.05, 71.00 , 84.00 
17,2,0.05, 77.50 , 84.00 
18,2,0.05, 84.00 , 83.70 
18,2,0.05, 84.00 , 84.00 
18,2,0.05, 84.00 , 83.85 
19,2,0.05, 77.61 , 77.39 
19,2,0.05, 73.99 , 77.09 
19,2,0.05, 75.80 , 77.24 
20,2,0.05, 82.57 , 84.00 
20,2,0.05, 80.79 , 77.02 
20,2,0.05, 81.68 , 80.51 
21,2,0.05, 75.46 , 72.30 
21,2,0.05, 80.46 , 82.30 
21,2,0.05, 77.96 , 77.30 
22,2,0.05, 84.00 , 84.00 
22,2,0.05, 84.00 , 84.00 
22,2,0.05, 84.00 , 84.00 
23,2,0.05, 70.88 , 69.57 
23,2,0.05, 58.40 , 52.47 
23,2,0.05, 64.64 , 61.02 
24,2,0.05, 84.00 , 84.00 
24,2,0.05, 84.00 , 84.00 
24,2,0.05, 84.00 , 84.00 
25,2,0.05, 80.00 , 84.00 
25,2,0.05, 71.64 , 55.01 
25,2,0.05, 75.82 , 69.51 
26,2,0.05, 65.79 , 60.53 
26,2,0.05, 62.58 , 63.27 
26,2,0.05, 64.19 , 61.90 
27,2,0.05, 66.17 , 66.65 
27,2,0.05, 68.27 , 69.86 
27,2,0.05, 67.22 , 68.26 
28,2,0.05, 84.00 , 82.96 
28,2,0.05, 84.00 , 83.40 
28,2,0.05, 84.00 , 83.18 
29,2,0.05, 74.17 , 74.94 
29,2,0.05, 78.39 , 75.93 
29,2,0.05, 76.28 , 75.44 
30,2,0.05, 53.74 , 45.00 
30,2,0.05, 50.57 , 43.36 
30,2,0.05, 52.16 , 44.18 
31,2,0.05, 62.19 , 64.23 
31,2,0.05, 63.51 , 65.66 
31,2,0.05, 62.85 , 64.95 
32,2,0.05, 75.69 , 74.39 
32,2,0.05, 76.11 , 76.20 
32,2,0.05, 75.90 , 75.30 
33,2,0.05, 69.66 , 65.11 
33,2,0.05, 68.51 , 66.92 
33,2,0.05, 69.09 , 66.02 
34,2,0.05, 69.71 , 72.43 
34,2,0.05, 65.48 , 70.91 
34,2,0.05, 67.60 , 71.67 
35,2,0.05, 67.85 , 61.95 
35,2,0.05, 66.65 , 63.17 
35,2,0.05, 67.25 , 62.56 
36,2,0.05, 59.31 , 58.62 
36,2,0.05, 55.39 , 50.39 
36,2,0.05, 57.35 , 54.51 
37,2,0.05, 67.69 , 66.62 
37,2,0.05, 74.51 , 74.76 
37,2,0.05, 71.10 , 70.69 
38,2,0.05, 50.11 , 54.56 
38,2,0.05, 53.88 , 45.86 
38,2,0.05, 52.00 , 50.21 
39,2,0.05, 68.87 , 69.32 
39,2,0.05, 67.81 , 69.88 
39,2,0.05, 68.34 , 69.60 
40,2,0.05, 84.00 , 80.14 
40,2,0.05, 84.00 , 81.44 
40,2,0.05, 84.00 , 80.79 
41,2,0.05, 80.77 , 74.97 
41,2,0.05, 80.73 , 80.07 
41,2,0.05, 80.75 , 77.52 
42,2,0.05, 71.91 , 69.48 
42,2,0.05, 68.89 , 63.75 
42,2,0.05, 70.40 , 66.62 
43,2,0.05, 73.20 , 72.07 
43,2,0.05, 64.64 , 71.05 
43,2,0.05, 68.92 , 71.56 
44,2,0.05, 71.11 , 73.20 
44,2,0.05, 71.97 , 68.54 
44,2,0.05, 71.54 , 70.87 
45,2,0.05, 72.71 , 78.25 
45,2,0.05, 76.83 , 79.56 
45,2,0.05, 74.77 , 78.91 
46,2,0.05, 84.00 , 80.80 
46,2,0.05, 84.00 , 84.00 
46,2,0.05, 84.00 , 82.40 
47,2,0.05, 73.67 , 74.59 
47,2,0.05, 75.70 , 72.95 
47,2,0.05, 74.69 , 73.77 
48,2,0.05, 65.04 , 68.20 
48,2,0.05, 69.19 , 67.51 
48,2,0.05, 67.12 , 67.86 
49,2,0.05, 63.05 , 59.88 
49,2,0.05, 55.24 , 57.56 
49,2,0.05, 64.54 , 63.74 
50,2,0.05, 84.00 , 84.00 
50,2,0.05, 84.00 , 84.00 
50,2,0.05, 84.00 , 84.00 
1,2,0.1, 64.93 , 63.48 
1,2,0.1, 61.41 , 62.61 
1,2,0.1, 63.17 , 63.05 
2,2,0.1, 66.61 , 69.42 
2,2,0.1, 69.11 , 69.33 
2,2,0.1, 67.86 , 69.38 
3,2,0.1, 84.00 , 84.00 
3,2,0.1, 84.00 , 84.00 
3,2,0.1, 84.00 , 84.00 
4,2,0.1, 75.50 , 83.82 
4,2,0.1, 84.00 , 84.00 
4,2,0.1, 79.75 , 83.91 
5,2,0.1, 58.04 , 57.68 
5,2,0.1, 64.00 , 60.63 
5,2,0.1, 61.02 , 59.16 
6,2,0.1, 79.77 , 77.08 
6,2,0.1, 73.90 , 79.24 
6,2,0.1, 76.84 , 78.16 
7,2,0.1, 73.36 , 74.29 
7,2,0.1, 79.81 , 77.87 
7,2,0.1, 76.59 , 76.08 
8,2,0.1, 81.12 , 76.20 
8,2,0.1, 67.63 , 70.81 
8,2,0.1, 74.38 , 73.51 
9,2,0.1, 84.00 , 84.00 
9,2,0.1, 84.00 , 84.00 
9,2,0.1, 84.00 , 84.00 
10,2,0.1, 84.00 , 84.00 
10,2,0.1, 84.00 , 76.76 
10,2,0.1, 84.00 , 80.38 
11,2,0.1, 78.20 , 77.42 
11,2,0.1, 73.45 , 73.27 
11,2,0.1, 75.83 , 75.35 
12,2,0.1, 58.10 , 53.59 
12,2,0.1, 53.27 , 53.24 
12,2,0.1, 55.69 , 53.42 
13,2,0.1, 80.81 , 75.48 
13,2,0.1, 77.42 , 76.74 
13,2,0.1, 79.12 , 76.11 
14,2,0.1, 65.24 , 61.15 
14,2,0.1, 61.12 , 63.40 
14,2,0.1, 63.18 , 62.28 
15,2,0.1, 65.37 , 64.66 
15,2,0.1, 57.28 , 54.26 
15,2,0.1, 61.33 , 59.46 
16,2,0.1, 64.64 , 62.64 
16,2,0.1, 61.24 , 57.89 
16,2,0.1, 62.94 , 60.27 
17,2,0.1, 80.31 , 79.73 
17,2,0.1, 80.31 , 79.73 
17,2,0.1, 80.31 , 79.73 
18,2,0.1, 78.54 , 78.01 
18,2,0.1, 80.30 , 78.03 
18,2,0.1, 79.42 , 78.02 
19,2,0.1, 65.71 , 65.82 
19,2,0.1, 65.71 , 65.82 
19,2,0.1, 65.71 , 65.82 
20,2,0.1, 68.52 , 67.96 
20,2,0.1, 66.46 , 65.82 
20,2,0.1, 67.49 , 66.89 
21,2,0.1, 59.60 , 73.92 
21,2,0.1, 78.31 , 75.15 
21,2,0.1, 68.96 , 74.54 
22,2,0.1, 66.75 , 58.16 
22,2,0.1, 78.82 , 84.00 
22,2,0.1, 66.75 , 58.16 
23,2,0.1, 67.70 , 65.35 
23,2,0.1, 54.66 , 52.41 
23,2,0.1, 61.18 , 58.88 
24,2,0.1, 81.32 , 82.73 
24,2,0.1, 79.84 , 77.26 
24,2,0.1, 80.58 , 80.00 
25,2,0.1, 54.08 , 51.55 
25,2,0.1, 54.08 , 51.55 
25,2,0.1, 54.08 , 51.55 
26,2,0.1, 63.59 , 57.38 
26,2,0.1, 59.88 , 55.85 
26,2,0.1, 61.74 , 56.62 
27,2,0.1, 61.40 , 62.80 
27,2,0.1, 68.99 , 67.10 
27,2,0.1, 65.20 , 64.95 
28,2,0.1, 84.00 , 77.49 
28,2,0.1, 84.00 , 80.58 
28,2,0.1, 84.00 , 79.04 
29,2,0.1, 72.98 , 66.38 
29,2,0.1, 76.11 , 68.58 
29,2,0.1, 74.55 , 67.48 
30,2,0.1, 53.07 , 47.04 
30,2,0.1, 42.22 , 39.79 
30,2,0.1, 47.65 , 43.42 
31,2,0.1, 55.34 , 58.78 
31,2,0.1, 56.74 , 52.78 
31,2,0.1, 56.04 , 55.78 
32,2,0.1, 71.65 , 70.72 
32,2,0.1, 71.67 , 66.86 
32,2,0.1, 71.66 , 68.79 
33,2,0.1, 59.50 , 59.19 
33,2,0.1, 57.87 , 59.35 
33,2,0.1, 58.69 , 59.27 
34,2,0.1, 57.07 , 54.31 
34,2,0.1, 56.74 , 55.10 
34,2,0.1, 56.91 , 54.71 
35,2,0.1, 49.85 , 53.43 
35,2,0.1, 54.98 , 58.77 
35,2,0.1, 52.42 , 56.10 
36,2,0.1, 50.59 , 46.49 
36,2,0.1, 47.54 , 48.20 
36,2,0.1, 49.07 , 47.35 
37,2,0.1, 63.73 , 54.59 
37,2,0.1, 63.14 , 64.39 
37,2,0.1, 63.44 , 59.49 
38,2,0.1, 36.68 , 32.62 
38,2,0.1, 49.39 , 38.98 
38,2,0.1, 43.04 , 35.80 
39,2,0.1, 64.49 , 63.81 
39,2,0.1, 63.57 , 63.51 
39,2,0.1, 64.03 , 63.66 
40,2,0.1, 80.14 , 80.14 
40,2,0.1, 81.44 , 80.64 
40,2,0.1, 80.79 , 80.39 
41,2,0.1, 79.20 , 77.32 
41,2,0.1, 77.92 , 73.40 
41,2,0.1, 78.56 , 75.36 
42,2,0.1, 66.52 , 60.53 
42,2,0.1, 65.27 , 66.54 
42,2,0.1, 65.90 , 63.54 
43,2,0.1, 66.08 , 63.93 
43,2,0.1, 67.40 , 65.19 
43,2,0.1, 66.74 , 64.56 
44,2,0.1, 67.78 , 60.21 
44,2,0.1, 61.60 , 59.47 
44,2,0.1, 64.69 , 59.84 
45,2,0.1, 72.97 , 68.91 
45,2,0.1, 75.92 , 74.00 
45,2,0.1, 74.45 , 71.46 
46,2,0.1, 81.23 , 78.97 
46,2,0.1, 81.23 , 78.97 
46,2,0.1, 81.23 , 78.97 
47,2,0.1, 74.82 , 71.26 
47,2,0.1, 72.70 , 70.46 
47,2,0.1, 73.76 , 70.86 
48,2,0.1, 66.37 , 62.84 
48,2,0.1, 64.05 , 65.29 
48,2,0.1, 65.21 , 64.07 
49,2,0.1, 64.95 , 58.41 
49,2,0.1, 56.26 , 52.93 
49,2,0.1, 60.61 , 55.67 
50,2,0.1, 84.00 , 84.00 
50,2,0.1, 84.00 , 84.00 
50,2,0.1, 84.00 , 84.00 
1,2,0.5, 58.86 , 56.28 
1,2,0.5, 58.87 , 58.33 
1,2,0.5, 58.87 , 57.31 
2,2,0.5, 53.78 , 59.59 
2,2,0.5, 43.54 , 42.35 
2,2,0.5, 48.66 , 50.97 
3,2,0.5, 64.16 , 66.61 
3,2,0.5, 65.25 , 67.40 
3,2,0.5, 64.71 , 67.01 
4,2,0.5, 63.93 , 62.62 
4,2,0.5, 63.34 , 65.96 
4,2,0.5, 63.64 , 64.29 
5,2,0.5, 52.44 , 45.11 
5,2,0.5, 50.27 , 52.43 
5,2,0.5, 51.36 , 48.77 
6,2,0.5, 50.02 , 52.32 
6,2,0.5, 61.21 , 65.60 
6,2,0.5, 55.62 , 58.96 
7,2,0.5, 57.34 , 62.40 
7,2,0.5, 62.63 , 63.18 
7,2,0.5, 59.99 , 62.79 
8,2,0.5, 51.40 , 49.95 
8,2,0.5, 53.06 , 53.61 
8,2,0.5, 52.23 , 51.78 
9,2,0.5, 58.90 , 54.64 
9,2,0.5, 65.69 , 61.22 
9,2,0.5, 62.30 , 57.93 
10,2,0.5, 57.54 , 50.83 
10,2,0.5, 51.40 , 52.54 
10,2,0.5, 54.47 , 51.69 
11,2,0.5, 59.98 , 54.50 
11,2,0.5, 54.89 , 49.24 
11,2,0.5, 57.44 , 51.87 
12,2,0.5, 51.36 , 49.59 
12,2,0.5, 39.81 , 36.57 
12,2,0.5, 45.59 , 43.08 
13,2,0.5, 55.90 , 57.53 
13,2,0.5, 57.42 , 51.41 
13,2,0.5, 56.66 , 54.47 
14,2,0.5, 53.26 , 51.94 
14,2,0.5, 50.21 , 50.46 
14,2,0.5, 51.74 , 51.20 
15,2,0.5, 49.40 , 50.90 
15,2,0.5, 39.69 , 41.83 
15,2,0.5, 44.55 , 46.37 
16,2,0.5, 51.62 , 52.07 
16,2,0.5, 49.57 , 53.27 
16,2,0.5, 50.60 , 52.67 
17,2,0.5, 50.43 , 53.63 
17,2,0.5, 49.53 , 53.64 
17,2,0.5, 49.98 , 53.64 
18,2,0.5, 58.32 , 44.97 
18,2,0.5, 50.63 , 54.46 
18,2,0.5, 54.48 , 49.72 
19,2,0.5, 51.77 , 42.99 
19,2,0.5, 51.77 , 42.99 
19,2,0.5, 51.77 , 42.99 
20,2,0.5, 53.98 , 48.89 
20,2,0.5, 50.09 , 54.00 
20,2,0.5, 52.04 , 51.45 
21,2,0.5, 54.57 , 48.98 
21,2,0.5, 46.90 , 47.17 
21,2,0.5, 50.74 , 48.08 
22,2,0.5, 57.61 , 55.60 
22,2,0.5, 54.42 , 53.41 
22,2,0.5, 57.61 , 55.60 
23,2,0.5, 46.90 , 46.90 
23,2,0.5, 26.21 , 27.42 
23,2,0.5, 36.56 , 37.16 
24,2,0.5, 62.30 , 59.67 
24,2,0.5, 61.08 , 59.81 
24,2,0.5, 61.69 , 59.74 
25,2,0.5, 54.61 , 51.06 
25,2,0.5, 34.25 , 31.83 
25,2,0.5, 44.43 , 41.45 
26,2,0.5, 49.65 , 46.31 
26,2,0.5, 48.00 , 44.99 
26,2,0.5, 48.83 , 45.65 
27,2,0.5, 53.88 , 52.66 
27,2,0.5, 56.14 , 56.24 
27,2,0.5, 55.01 , 54.45 
28,2,0.5, 63.60 , 57.24 
28,2,0.5, 54.61 , 54.54 
28,2,0.5, 59.11 , 55.89 
29,2,0.5, 57.55 , 59.74 
29,2,0.5, 52.77 , 51.97 
29,2,0.5, 55.16 , 55.86 
30,2,0.5, 38.62 , 28.68 
30,2,0.5, 36.44 , 43.17 
30,2,0.5, 37.53 , 35.93 
31,2,0.5, 48.73 , 50.48 
31,2,0.5, 46.95 , 47.80 
31,2,0.5, 47.84 , 49.14 
32,2,0.5, 56.74 , 53.90 
32,2,0.5, 56.22 , 52.03 
32,2,0.5, 56.48 , 52.97 
33,2,0.5, 43.27 , 41.09 
33,2,0.5, 50.69 , 42.49 
33,2,0.5, 46.98 , 41.79 
34,2,0.5, 52.96 , 53.24 
34,2,0.5, 54.12 , 41.76 
34,2,0.5, 53.54 , 47.50 
35,2,0.5, 41.87 , 33.23 
35,2,0.5, 53.89 , 43.80 
35,2,0.5, 47.88 , 38.52 
36,2,0.5, 41.93 , 40.74 
36,2,0.5, 37.98 , 37.24 
36,2,0.5, 39.96 , 38.99 
37,2,0.5, 53.05 , 47.03 
37,2,0.5, 53.85 , 48.00 
37,2,0.5, 53.45 , 47.52 
38,2,0.5, 36.69 , 33.80 
38,2,0.5, 25.56 , 33.25 
38,2,0.5, 31.13 , 33.53 
39,2,0.5, 38.52 , 38.41 
39,2,0.5, 39.56 , 40.50 
39,2,0.5, 39.04 , 39.46 
40,2,0.5, 50.79 , 53.40 
40,2,0.5, 57.84 , 55.07 
40,2,0.5, 54.32 , 54.24 
41,2,0.5, 48.49 , 44.79 
41,2,0.5, 46.62 , 42.98 
41,2,0.5, 47.56 , 43.89 
42,2,0.5, 51.01 , 48.26 
42,2,0.5, 50.50 , 54.51 
42,2,0.5, 50.76 , 51.39 
43,2,0.5, 58.20 , 55.03 
43,2,0.5, 54.24 , 55.86 
43,2,0.5, 56.22 , 55.45 
44,2,0.5, 50.10 , 52.97 
44,2,0.5, 50.10 , 52.97 
44,2,0.5, 50.10 , 52.97 
45,2,0.5, 57.20 , 52.97 
45,2,0.5, 54.92 , 52.76 
45,2,0.5, 56.06 , 52.87 
46,2,0.5, 36.61 , 37.03 
46,2,0.5, 38.93 , 33.63 
46,2,0.5, 37.77 , 35.33 
47,2,0.5, 55.50 , 51.56 
47,2,0.5, 57.44 , 53.20 
47,2,0.5, 56.47 , 52.38 
48,2,0.5, 56.42 , 53.30 
48,2,0.5, 54.87 , 55.50 
48,2,0.5, 55.65 , 54.40 
49,2,0.5, 45.76 , 44.49 
49,2,0.5, 46.79 , 42.84 
49,2,0.5, 46.28 , 43.67 
50,2,0.5, 45.72 , 39.12 
50,2,0.5, 47.51 , 55.11 
50,2,0.5, 46.62 , 47.12 
1,2,1, 48.86 , 46.28 
1,2,1, 48.87 , 48.33 
1,2,1, 48.87 , 47.31 
2,2,1, 46.51 , 47.51 
2,2,1, 41.74 , 41.01 
2,2,1, 44.13 , 44.26 
3,2,1, 54.20 , 57.87 
3,2,1, 54.14 , 54.75 
3,2,1, 54.17 , 56.31 
4,2,1, 51.88 , 59.12 
4,2,1, 53.56 , 59.73 
4,2,1, 52.72 , 59.43 
5,2,1, 46.10 , 37.50 
5,2,1, 48.10 , 45.34 
5,2,1, 47.10 , 41.42 
6,2,1, 48.85 , 45.18 
6,2,1, 48.85 , 46.84 
6,2,1, 48.85 , 46.01 
7,2,1, 41.57 , 40.77 
7,2,1, 47.58 , 46.40 
7,2,1, 44.58 , 43.59 
8,2,1, 37.63 , 26.74 
8,2,1, 39.08 , 37.98 
8,2,1, 38.36 , 32.36 
9,2,1, 56.35 , 50.13 
9,2,1, 51.45 , 48.36 
9,2,1, 53.90 , 49.25 
10,2,1, 29.81 , 27.00 
10,2,1, 28.56 , 30.97 
10,2,1, 29.19 , 28.99 
11,2,1, 39.12 , 39.43 
11,2,1, 42.59 , 43.62 
11,2,1, 40.86 , 41.53 
12,2,1, 34.80 , 28.64 
12,2,1, 28.19 , 26.10 
12,2,1, 31.50 , 27.37 
13,2,1, 27.97 , 28.84 
13,2,1, 26.17 , 22.93 
13,2,1, 27.07 , 25.89 
14,2,1, 35.81 , 33.78 
14,2,1, 36.33 , 36.30 
14,2,1, 36.07 , 35.04 
15,2,1, 37.04 , 35.91 
15,2,1, 32.56 , 32.07 
15,2,1, 34.80 , 33.99 
16,2,1, 50.49 , 39.71 
16,2,1, 31.87 , 32.47 
16,2,1, 41.18 , 36.09 
17,2,1, 29.59 , 32.56 
17,2,1, 29.59 , 32.56 
17,2,1, 29.59 , 32.56 
18,2,1, 37.62 , 36.56 
18,2,1, 31.94 , 30.27 
18,2,1, 34.78 , 33.42 
19,2,1, 37.45 , 34.88 
19,2,1, 35.02 , 32.06 
19,2,1, 36.24 , 33.47 
20,2,1, 36.59 , 32.70 
20,2,1, 35.68 , 32.74 
20,2,1, 36.14 , 32.72 
21,2,1, 34.99 , 34.08 
21,2,1, 37.83 , 30.23 
21,2,1, 36.41 , 32.16 
22,2,1, 42.84 , 44.34 
22,2,1, 46.94 , 44.40 
22,2,1, 42.84 , 44.34 
23,2,1, 31.27 , 22.31 
23,2,1, 21.65 , 31.25 
23,2,1, 26.46 , 26.78 
24,2,1, 25.07 , 17.56 
24,2,1, 27.59 , 27.39 
24,2,1, 26.33 , 22.48 
25,2,1, 27.97 , 28.84 
25,2,1, 26.17 , 22.93 
25,2,1, 27.07 , 25.89 
26,2,1, 35.29 , 34.82 
26,2,1, 36.00 , 34.21 
26,2,1, 35.65 , 34.52 
27,2,1, 45.60 , 39.43 
27,2,1, 47.07 , 42.51 
27,2,1, 46.34 , 40.97 
28,2,1, 48.83 , 49.48 
28,2,1, 44.26 , 45.32 
28,2,1, 46.55 , 47.40 
29,2,1, 40.87 , 40.19 
29,2,1, 43.26 , 41.83 
29,2,1, 42.07 , 41.01 
30,2,1, 26.44 , 27.57 
30,2,1, 16.06 , 22.61 
30,2,1, 21.25 , 25.09 
31,2,1, 29.90 , 23.75 
31,2,1, 18.73 , 19.70 
31,2,1, 24.32 , 21.73 
32,2,1, 39.59 , 40.66 
32,2,1, 40.68 , 38.03 
32,2,1, 40.14 , 39.35 
33,2,1, 28.77 , 39.73 
33,2,1, 36.19 , 26.67 
33,2,1, 32.48 , 33.20 
34,2,1, 40.80 , 37.21 
34,2,1, 38.59 , 29.72 
34,2,1, 39.70 , 33.47 
35,2,1, 39.83 , 26.25 
35,2,1, 37.15 , 33.10 
35,2,1, 38.49 , 29.68 
36,2,1, 26.86 , 23.48 
36,2,1, 26.08 , 29.26 
36,2,1, 26.47 , 26.37 
37,2,1, 40.95 , 32.55 
37,2,1, 34.22 , 39.62 
37,2,1, 37.59 , 36.09 
38,2,1, 25.38 , 22.71 
38,2,1, 31.59 , 29.89 
38,2,1, 28.49 , 26.30 
39,2,1, 43.61 , 35.31 
39,2,1, 32.92 , 31.21 
39,2,1, 38.27 , 33.26 
40,2,1, 36.30 , 37.05 
40,2,1, 31.34 , 35.60 
40,2,1, 33.82 , 36.33 
41,2,1, 37.12 , 36.28 
41,2,1, 30.64 , 31.24 
41,2,1, 33.88 , 33.76 
42,2,1, 39.63 , 44.68 
42,2,1, 46.32 , 41.05 
42,2,1, 42.98 , 42.87 
43,2,1, 44.57 , 42.78 
43,2,1, 48.92 , 47.32 
43,2,1, 46.75 , 45.05 
44,2,1, 45.09 , 41.44 
44,2,1, 43.12 , 41.54 
44,2,1, 44.11 , 41.49 
45,2,1, 48.72 , 46.25 
45,2,1, 25.57 , 26.63 
45,2,1, 37.15 , 36.44 
46,2,1, 25.57 , 26.63 
46,2,1, 29.90 , 23.75 
46,2,1, 27.74 , 25.19 
47,2,1, 42.47 , 44.75 
47,2,1, 42.55 , 46.31 
47,2,1, 42.51 , 45.53 
48,2,1, 40.19 , 43.02 
48,2,1, 46.14 , 44.10 
48,2,1, 43.17 , 43.56 
49,2,1, 36.06 , 36.06 
49,2,1, 38.60 , 36.80 
49,2,1, 37.33 , 36.43 
50,2,1, 39.86 , 36.41 
50,2,1, 34.08 , 37.07 
50,2,1, 36.97 , 36.74 