ID,experimental_replicate,concentration, ecuatorial ,polar
1,1,0,84,84
1,1,0,84,84
1,1,0,84,84
2,1,0,84,84
2,1,0,84,84
2,1,0,84,84
3,1,0,84,84
3,1,0,84,84
3,1,0,84,84
4,1,0,84,84
4,1,0,84,84
4,1,0,84,84
5,1,0,84,84
5,1,0,84,84
5,1,0,84,84
6,1,0,84,84
6,1,0,84,84
6,1,0,84,84
7,1,0,84,84
7,1,0,84,84
7,1,0,84,84
8,1,0,84,84
8,1,0,84,84
8,1,0,84,84
9,1,0,84,84
9,1,0,84,84
9,1,0,84,84
10,1,0,84,84
10,1,0,84,84
10,1,0,84,84
11,1,0,84,84
11,1,0,84,84
11,1,0,84,84
12,1,0,84,84
12,1,0,84,84
12,1,0,84,84
13,1,0,84,84
13,1,0,84,84
13,1,0,84,84
14,1,0,84,84
14,1,0,84,84
14,1,0,84,84
15,1,0,84,84
15,1,0,84,84
15,1,0,84,84
16,1,0,84,84
16,1,0,84,84
16,1,0,84,84
17,1,0,84,84
17,1,0,84,84
17,1,0,84,84
18,1,0,84,84
18,1,0,84,84
18,1,0,84,84
19,1,0,84,84
19,1,0,84,84
19,1,0,84,84
20,1,0,84,84
20,1,0,84,84
20,1,0,84,84
21,1,0,84,84
21,1,0,84,84
21,1,0,84,84
22,1,0,84,84
22,1,0,84,84
22,1,0,84,84
23,1,0,84,84
23,1,0,84,84
23,1,0,84,84
24,1,0,84,84
24,1,0,84,84
24,1,0,84,84
25,1,0,84,84
25,1,0,84,84
25,1,0,84,84
26,1,0,84,84
26,1,0,84,84
26,1,0,84,84
27,1,0,84,84
27,1,0,84,84
27,1,0,84,84
28,1,0,84,84
28,1,0,84,84
28,1,0,84,84
29,1,0,84,84
29,1,0,84,84
29,1,0,84,84
30,1,0,84,84
30,1,0,84,84
30,1,0,84,84
31,1,0,84,84
31,1,0,84,84
31,1,0,84,84
32,1,0,84,84
32,1,0,84,84
32,1,0,84,84
33,1,0,84,84
33,1,0,84,84
33,1,0,84,84
34,1,0,84,84
34,1,0,84,84
34,1,0,84,84
35,1,0,68.94,84
35,1,0,70.11,84
35,1,0,74.98,84
36,1,0,84,84
36,1,0,84,84
36,1,0,84,84
37,1,0,84,84
37,1,0,84,84
37,1,0,84,84
38,1,0,84,84
38,1,0,84,84
38,1,0,84,84
39,1,0,84,84
39,1,0,84,84
39,1,0,84,84
40,1,0,84,84
40,1,0,84,84
40,1,0,84,84
41,1,0,43.41,46.17
41,1,0,46.55,47.47
41,1,0,44.4,46.37
42,1,0,64.63,64.63
42,1,0,71.38,70.24
42,1,0,66.04,67.93
43,1,0,84,84
43,1,0,84,84
43,1,0,84,84
44,1,0,84,84
44,1,0,84,84
44,1,0,84,84
45,1,0,84,84
45,1,0,84,84
45,1,0,84,84
46,1,0,84,84
46,1,0,84,84
46,1,0,84,84
47,1,0,84,84
47,1,0,84,84
47,1,0,84,84
48,1,0,84,84
48,1,0,84,84
48,1,0,84,84
49,1,0,84,84
49,1,0,84,84
49,1,0,84,84
50,1,0,76.74,84
50,1,0,80,80.08
50,1,0,84,84
1,1,1,84,84
1,1,1,84,84
1,1,1,84,84
2,1,1,84,84
2,1,1,84,84
2,1,1,84,84
3,1,1,84,84
3,1,1,84,84
3,1,1,84,84
4,1,1,84,84
4,1,1,84,84
4,1,1,84,84
5,1,1,84,84
5,1,1,84,84
5,1,1,84,84
6,1,1,84,84
6,1,1,84,84
6,1,1,84,84
7,1,1,84,84
7,1,1,84,84
7,1,1,84,84
8,1,1,84,84
8,1,1,84,84
8,1,1,84,84
9,1,1,84,84
9,1,1,84,84
9,1,1,84,84
10,1,1,84,84
10,1,1,84,84
10,1,1,84,84
11,1,1,84,84
11,1,1,84,84
11,1,1,84,84
12,1,1,84,84
12,1,1,84,84
12,1,1,84,84
13,1,1,84,84
13,1,1,84,84
13,1,1,84,84
14,1,1,84,84
14,1,1,84,84
14,1,1,84,84
15,1,1,84,84
15,1,1,84,84
15,1,1,84,84
16,1,1,84,84
16,1,1,84,84
16,1,1,84,84
17,1,1,84,84
17,1,1,84,84
17,1,1,84,84
18,1,1,84,84
18,1,1,84,84
18,1,1,84,84
19,1,1,84,84
19,1,1,84,84
19,1,1,84,84
20,1,1,84,84
20,1,1,84,84
20,1,1,84,84
21,1,1,84,84
21,1,1,84,84
21,1,1,84,84
22,1,1,84,84
22,1,1,84,84
22,1,1,84,84
23,1,1,84,84
23,1,1,84,84
23,1,1,84,84
24,1,1,84,84
24,1,1,84,84
24,1,1,84,84
25,1,1,84,84
25,1,1,84,84
25,1,1,84,84
26,1,1,84,84
26,1,1,84,84
26,1,1,84,84
27,1,1,84,84
27,1,1,84,84
27,1,1,84,84
28,1,1,84,84
28,1,1,84,84
28,1,1,84,84
29,1,1,84,84
29,1,1,84,84
29,1,1,84,84
30,1,1,84,84
30,1,1,84,84
30,1,1,84,84
31,1,1,81.27,81.27
31,1,1,79.58,72.8
31,1,1,80.93,78.3
32,1,1,84,84
32,1,1,84,84
32,1,1,84,84
33,1,1,84,84
33,1,1,84,84
33,1,1,84,84
34,1,1,84,84
34,1,1,84,84
34,1,1,84,84
35,1,1,70.23,70.23
35,1,1,69.82,69.92
35,1,1,71.7,70.87
36,1,1,84,84
36,1,1,84,84
36,1,1,84,84
37,1,1,84,84
37,1,1,84,84
37,1,1,84,84
38,1,1,84,84
38,1,1,84,84
38,1,1,84,84
39,1,1,84,84
39,1,1,84,84
39,1,1,84,84
40,1,1,84,84
40,1,1,84,84
40,1,1,84,84
41,1,1,43.04,43.04
41,1,1,45.5,45.5
41,1,1,41.09,41.09
42,1,1,62.65,62.65
42,1,1,59.8,63.18
42,1,1,55.7,55.48
43,1,1,84,84
43,1,1,84,84
43,1,1,84,84
44,1,1,84,84
44,1,1,84,84
44,1,1,84,84
45,1,1,84,84
45,1,1,84,84
45,1,1,84,84
46,1,1,84,84
46,1,1,84,84
46,1,1,84,84
47,1,1,84,84
47,1,1,84,84
47,1,1,84,84
48,1,1,84,84
48,1,1,84,84
48,1,1,84,84
49,1,1,84,84
49,1,1,84,84
49,1,1,84,84
50,1,1,65.46,68.98
50,1,1,80.92,80.52
50,1,1,69.45,71.04
1,1,5,84,84
1,1,5,84,84
1,1,5,84,84
2,1,5,84,84
2,1,5,84,84
2,1,5,84,84
3,1,5,84,84
3,1,5,84,84
3,1,5,84,84
4,1,5,84,84
4,1,5,84,84
4,1,5,84,84
5,1,5,84,84
5,1,5,84,84
5,1,5,84,84
6,1,5,84,84
6,1,5,84,84
6,1,5,84,84
7,1,5,84,84
7,1,5,84,84
7,1,5,84,84
8,1,5,84,84
8,1,5,84,84
8,1,5,84,84
9,1,5,84,84
9,1,5,84,84
9,1,5,84,84
10,1,5,84,84
10,1,5,84,84
10,1,5,84,84
11,1,5,84,84
11,1,5,84,84
11,1,5,84,84
12,1,5,84,84
12,1,5,84,84
12,1,5,84,84
13,1,5,84,84
13,1,5,84,84
13,1,5,84,84
14,1,5,84,84
14,1,5,84,84
14,1,5,84,84
15,1,5,84,84
15,1,5,84,84
15,1,5,84,84
16,1,5,84,84
16,1,5,84,84
16,1,5,84,84
17,1,5,84,84
17,1,5,84,84
17,1,5,84,84
18,1,5,84,84
18,1,5,84,84
18,1,5,84,84
19,1,5,84,84
19,1,5,84,84
19,1,5,84,84
20,1,5,84,84
20,1,5,84,84
20,1,5,84,84
21,1,5,84,84
21,1,5,84,84
21,1,5,84,84
22,1,5,84,84
22,1,5,84,84
22,1,5,84,84
23,1,5,84,84
23,1,5,84,84
23,1,5,84,84
24,1,5,84,84
24,1,5,84,84
24,1,5,84,84
25,1,5,84,84
25,1,5,84,84
25,1,5,84,84
26,1,5,84,84
26,1,5,84,84
26,1,5,84,84
27,1,5,84,84
27,1,5,84,84
27,1,5,84,84
28,1,5,84,84
28,1,5,84,84
28,1,5,84,84
29,1,5,84,84
29,1,5,84,84
29,1,5,84,84
30,1,5,84,84
30,1,5,84,84
30,1,5,84,84
31,1,5,63.76,69.71
31,1,5,77.17,81.12
31,1,5,74.46,66.45
32,1,5,84,84
32,1,5,84,84
32,1,5,84,84
33,1,5,84,84
33,1,5,84,84
33,1,5,84,84
34,1,5,84,84
34,1,5,84,84
34,1,5,84,84
35,1,5,67.67,67.67
35,1,5,61.37,61.36
35,1,5,61.37,61.37
36,1,5,84,84
36,1,5,84,84
36,1,5,84,84
37,1,5,84,84
37,1,5,84,84
37,1,5,84,84
38,1,5,84,84
38,1,5,84,84
38,1,5,84,84
39,1,5,84,84
39,1,5,84,84
39,1,5,84,84
40,1,5,84,84
40,1,5,84,84
40,1,5,84,84
41,1,5,43.4,43.4
41,1,5,43.41,43.4
41,1,5,42.42,42.4
42,1,5,61.6,61.63
42,1,5,56,56.24
42,1,5,56.17,59.18
43,1,5,84,84
43,1,5,84,84
43,1,5,84,84
44,1,5,84,84
44,1,5,84,84
44,1,5,84,84
45,1,5,84,84
45,1,5,84,84
45,1,5,84,84
46,1,5,84,84
46,1,5,84,84
46,1,5,84,84
47,1,5,84,84
47,1,5,84,84
47,1,5,84,84
48,1,5,84,84
48,1,5,84,84
48,1,5,84,84
49,1,5,84,84
49,1,5,84,84
49,1,5,84,84
50,1,5,68.11,68.11
50,1,5,72.33,72.9
50,1,5,69.41,69.87
1,1,10,84,84
1,1,10,84,84
1,1,10,84,84
2,1,10,84,84
2,1,10,84,84
2,1,10,84,84
3,1,10,84,84
3,1,10,84,84
3,1,10,84,84
4,1,10,84,84
4,1,10,84,84
4,1,10,84,84
5,1,10,84,84
5,1,10,80.23,80.23
5,1,10,80.23,77.23
6,1,10,84,84
6,1,10,84,84
6,1,10,84,84
7,1,10,84,84
7,1,10,84,84
7,1,10,84,84
8,1,10,84,84
8,1,10,84,84
8,1,10,84,84
9,1,10,84,84
9,1,10,84,84
9,1,10,84,84
10,1,10,84,84
10,1,10,84,84
10,1,10,84,84
11,1,10,84,84
11,1,10,84,84
11,1,10,84,84
12,1,10,84,84
12,1,10,84,84
12,1,10,84,84
13,1,10,84,84
13,1,10,84,84
13,1,10,84,84
14,1,10,84,84
14,1,10,84,84
14,1,10,84,84
15,1,10,84,84
15,1,10,84,84
15,1,10,84,84
16,1,10,84,84
16,1,10,84,84
16,1,10,84,84
17,1,10,84,84
17,1,10,84,84
17,1,10,84,84
18,1,10,84,84
18,1,10,84,84
18,1,10,84,84
19,1,10,84,84
19,1,10,84,84
19,1,10,84,84
20,1,10,84,84
20,1,10,84,84
20,1,10,84,84
21,1,10,84,84
21,1,10,84,84
21,1,10,84,84
22,1,10,84,84
22,1,10,84,84
22,1,10,84,84
23,1,10,84,84
23,1,10,84,84
23,1,10,84,84
24,1,10,84,84
24,1,10,84,84
24,1,10,84,84
25,1,10,84,84
25,1,10,84,84
25,1,10,84,84
26,1,10,84,84
26,1,10,84,84
26,1,10,84,84
27,1,10,84,84
27,1,10,84,84
27,1,10,84,84
28,1,10,84,84
28,1,10,84,84
28,1,10,84,84
29,1,10,84,84
29,1,10,84,84
29,1,10,84,84
30,1,10,84,84
30,1,10,84,84
30,1,10,84,84
31,1,10,70.01,71.53
31,1,10,51.86,61
31,1,10,57.82,60.47
32,1,10,84,84
32,1,10,84,84
32,1,10,84,84
33,1,10,84,84
33,1,10,84,84
33,1,10,84,84
34,1,10,84,84
34,1,10,84,84
34,1,10,84,84
35,1,10,66.37,61.78
35,1,10,61.38,60.45
35,1,10,60.33,61.7
36,1,10,84,84
36,1,10,84,84
36,1,10,84,84
37,1,10,84,84
37,1,10,84,84
37,1,10,84,84
38,1,10,84,84
38,1,10,84,84
38,1,10,84,84
39,1,10,84,84
39,1,10,84,84
39,1,10,84,84
40,1,10,84,84
40,1,10,84,84
40,1,10,84,84
41,1,10,41.44,44.04
41,1,10,41.42,41.42
41,1,10,40.8,40.5
42,1,10,56.87,56.87
42,1,10,59.03,59.03
42,1,10,52.96,57.85
43,1,10,84,84
43,1,10,84,84
43,1,10,84,84
44,1,10,84,84
44,1,10,84,84
44,1,10,84,84
45,1,10,84,84
45,1,10,84,84
45,1,10,84,84
46,1,10,84,84
46,1,10,84,84
46,1,10,84,84
47,1,10,84,84
47,1,10,84,84
47,1,10,84,84
48,1,10,84,84
48,1,10,84,84
48,1,10,84,84
49,1,10,84,84
49,1,10,84,84
49,1,10,84,84
50,1,10,70.7,68.84
50,1,10,69.47,72.02
50,1,10,69.73,67.25
1,1,50,84,84
1,1,50,84,84
1,1,50,84,84
2,1,50,84,84
2,1,50,84,84
2,1,50,84,84
3,1,50,84,84
3,1,50,84,84
3,1,50,84,84
4,1,50,84,84
4,1,50,84,84
4,1,50,84,84
5,1,50,54.82,54.82
5,1,50,60.52,60.52
5,1,50,84,84
6,1,50,84,84
6,1,50,84,84
6,1,50,84,84
7,1,50,84,84
7,1,50,84,84
7,1,50,84,84
8,1,50,84,84
8,1,50,84,84
8,1,50,84,84
9,1,50,84,84
9,1,50,84,84
9,1,50,84,84
10,1,50,84,84
10,1,50,84,84
10,1,50,84,84
11,1,50,84,84
11,1,50,84,84
11,1,50,84,84
12,1,50,84,84
12,1,50,79.24,73.46
12,1,50,79.03,80.12
13,1,50,84,84
13,1,50,84,84
13,1,50,84,84
14,1,50,84,84
14,1,50,84,84
14,1,50,84,84
15,1,50,84,84
15,1,50,84,84
15,1,50,84,84
16,1,50,84,84
16,1,50,84,84
16,1,50,84,84
17,1,50,84,84
17,1,50,84,84
17,1,50,84,84
18,1,50,84,84
18,1,50,84,84
18,1,50,84,84
19,1,50,84,84
19,1,50,84,84
19,1,50,84,84
20,1,50,84,84
20,1,50,84,84
20,1,50,84,84
21,1,50,84,84
21,1,50,84,84
21,1,50,84,84
22,1,50,84,84
22,1,50,84,84
22,1,50,84,84
23,1,50,84,84
23,1,50,84,84
23,1,50,84,84
24,1,50,84,84
24,1,50,84,84
24,1,50,84,84
25,1,50,84,84
25,1,50,84,84
25,1,50,84,84
26,1,50,84,84
26,1,50,84,84
26,1,50,84,84
27,1,50,84,84
27,1,50,84,84
27,1,50,84,84
28,1,50,84,84
28,1,50,84,84
28,1,50,84,84
29,1,50,84,84
29,1,50,84,84
29,1,50,84,84
30,1,50,84,84
30,1,50,84,84
30,1,50,84,84
31,1,50,58.19,60
31,1,50,48.75,51.61
31,1,50,53.84,53.1
32,1,50,84,84
32,1,50,84,84
32,1,50,84,84
33,1,50,84,84
33,1,50,84,84
33,1,50,84,84
34,1,50,84,84
34,1,50,84,84
34,1,50,84,84
35,1,50,61.95,61.12
35,1,50,62.97,62.97
35,1,50,60.58,60.58
36,1,50,84,84
36,1,50,84,84
36,1,50,84,84
37,1,50,84,84
37,1,50,84,84
37,1,50,84,84
38,1,50,84,84
38,1,50,84,84
38,1,50,84,84
39,1,50,84,84
39,1,50,84,84
39,1,50,84,84
40,1,50,84,84
40,1,50,84,84
40,1,50,84,84
41,1,50,39.21,41.17
41,1,50,40.17,40.46
41,1,50,39.14,44.49
42,1,50,59.69,59.69
42,1,50,58.11,58.11
42,1,50,50.55,50.55
43,1,50,84,84
43,1,50,84,84
43,1,50,84,84
44,1,50,84,84
44,1,50,84,84
44,1,50,84,84
45,1,50,84,84
45,1,50,84,84
45,1,50,84,84
46,1,50,84,84
46,1,50,84,84
46,1,50,84,84
47,1,50,84,84
47,1,50,84,84
47,1,50,84,84
48,1,50,84,84
48,1,50,84,84
48,1,50,84,84
49,1,50,84,84
49,1,50,84,84
49,1,50,84,84
50,1,50,60.67,60.67
50,1,50,60.68,60.68
50,1,50,60.69,60.67
1,1,100,84,84
1,1,100,84,84
1,1,100,84,84
2,1,100,84,84
2,1,100,84,84
2,1,100,84,84
3,1,100,84,84
3,1,100,84,84
3,1,100,84,84
4,1,100,84,84
4,1,100,84,84
4,1,100,84,84
5,1,100,45.46,47.44
5,1,100,53.8,52.61
5,1,100,45.08,47.55
6,1,100,84,84
6,1,100,84,84
6,1,100,84,84
7,1,100,78.12,76.12
7,1,100,81.17,81.2
7,1,100,84,84
8,1,100,84,84
8,1,100,84,84
8,1,100,84,84
9,1,100,84,84
9,1,100,84,84
9,1,100,84,84
10,1,100,84,84
10,1,100,84,84
10,1,100,84,84
11,1,100,84,84
11,1,100,84,84
11,1,100,84,84
12,1,100,79.57,79.67
12,1,100,71.28,74.48
12,1,100,71.01,71.01
13,1,100,84,84
13,1,100,84,84
13,1,100,84,84
14,1,100,84,84
14,1,100,84,84
14,1,100,84,84
15,1,100,84,84
15,1,100,84,84
15,1,100,84,84
16,1,100,84,84
16,1,100,84,84
16,1,100,84,84
17,1,100,84,84
17,1,100,84,84
17,1,100,84,84
18,1,100,84,84
18,1,100,84,84
18,1,100,84,84
19,1,100,84,84
19,1,100,84,84
19,1,100,84,84
20,1,100,84,84
20,1,100,84,84
20,1,100,84,84
21,1,100,84,84
21,1,100,84,84
21,1,100,84,84
22,1,100,84,84
22,1,100,84,84
22,1,100,84,84
23,1,100,84,84
23,1,100,84,84
23,1,100,84,84
24,1,100,84,84
24,1,100,84,84
24,1,100,84,84
25,1,100,84,84
25,1,100,84,84
25,1,100,84,84
26,1,100,84,84
26,1,100,84,84
26,1,100,84,84
27,1,100,84,84
27,1,100,84,84
27,1,100,84,84
28,1,100,84,84
28,1,100,84,84
28,1,100,84,84
29,1,100,84,84
29,1,100,84,84
29,1,100,84,84
30,1,100,84,84
30,1,100,84,84
30,1,100,84,84
31,1,100,56.38,60.95
31,1,100,53.69,53.88
31,1,100,47.32,51.09
32,1,100,84,84
32,1,100,84,84
32,1,100,84,84
33,1,100,84,84
33,1,100,84,84
33,1,100,84,84
34,1,100,84,84
34,1,100,84,84
34,1,100,84,84
35,1,100,60.63,60.63
35,1,100,60.08,60.36
35,1,100,60.63,60.63
36,1,100,84,84
36,1,100,84,84
36,1,100,84,84
37,1,100,84,84
37,1,100,84,84
37,1,100,84,84
38,1,100,84,84
38,1,100,84,84
38,1,100,84,84
39,1,100,84,84
39,1,100,84,84
39,1,100,84,84
40,1,100,84,84
40,1,100,84,84
40,1,100,84,84
41,1,100,35.16,35.16
41,1,100,34.22,34.03
41,1,100,34.56,39.39
42,1,100,53.6,59.88
42,1,100,53.2,40.72
42,1,100,52.85,52.6
43,1,100,84,84
43,1,100,84,84
43,1,100,84,84
44,1,100,84,84
44,1,100,84,84
44,1,100,84,84
45,1,100,84,84
45,1,100,84,84
45,1,100,84,84
46,1,100,84,84
46,1,100,84,84
46,1,100,84,84
47,1,100,84,84
47,1,100,84,84
47,1,100,84,84
48,1,100,84,84
48,1,100,84,84
48,1,100,84,84
49,1,100,84,84
49,1,100,84,84
49,1,100,84,84
50,1,100,50.71,50.71
50,1,100,47,44.71
50,1,100,38,41.2
1,1,500,83,81
1,1,500,83.16,83.16
1,1,500,83.16,83.16
2,1,500,84,84
2,1,500,84,84
2,1,500,84,84
3,1,500,75.42,75.42
3,1,500,82,82
3,1,500,76.5,76.32
4,1,500,77.87,77.91
4,1,500,76.09,76.07
4,1,500,77,74.1
5,1,500,45.69,44.69
5,1,500,44.02,50.59
5,1,500,42.28,44.8
6,1,500,84,84
6,1,500,84,84
6,1,500,84,84
7,1,500,78.12,76.12
7,1,500,76.17,76.2
7,1,500,75.28,78.4
8,1,500,77.71,76.68
8,1,500,77.21,77.92
8,1,500,75.18,75.2
9,1,500,74.58,75.25
9,1,500,78.18,78.14
9,1,500,80.91,80.75
10,1,500,84,84
10,1,500,81,79
10,1,500,78,78
11,1,500,79.73,75.71
11,1,500,77.28,80.45
11,1,500,84,83.01
12,1,500,64.1,64.1
12,1,500,52.21,52.21
12,1,500,56.6,56.6
13,1,500,79,79
13,1,500,79.67,80
13,1,500,76.36,76.36
14,1,500,84,84
14,1,500,76,76
14,1,500,84,84
15,1,500,84,84
15,1,500,84,84
15,1,500,78,78
16,1,500,84,84
16,1,500,84,84
16,1,500,84,84
17,1,500,84,84
17,1,500,84,84
17,1,500,84,84
18,1,500,66.92,63.96
18,1,500,66.78,66.78
18,1,500,60.37,60.35
19,1,500,84,84
19,1,500,84,84
19,1,500,84,84
20,1,500,76.94,80.47
20,1,500,75.07,73.17
20,1,500,84,80.56
21,1,500,84,84
21,1,500,84,84
21,1,500,84,84
22,1,500,84,84
22,1,500,84,84
22,1,500,84,84
23,1,500,84,84
23,1,500,84,84
23,1,500,84,84
24,1,500,82,84
24,1,500,79,84
24,1,500,84,84
25,1,500,66.03,67.21
25,1,500,65.9,65.9
25,1,500,68.92,66.92
26,1,500,84,84
26,1,500,84,84
26,1,500,84,84
27,1,500,84,84
27,1,500,84,84
27,1,500,84,84
28,1,500,78.51,78.51
28,1,500,78.17,78.2
28,1,500,78.6,78.6
29,1,500,84,84
29,1,500,84,84
29,1,500,84,84
30,1,500,84,84
30,1,500,84,84
30,1,500,84,84
31,1,500,30.9,32.55
31,1,500,29.39,30.45
31,1,500,33.42,33.42
32,1,500,84,84
32,1,500,84,84
32,1,500,84,84
33,1,500,71.94,71.94
33,1,500,54.75,53.52
33,1,500,61.95,61.75
34,1,500,50.51,50.51
34,1,500,65.62,65.16
34,1,500,65.94,65.16
35,1,500,60.86,60.62
35,1,500,57.76,57.37
35,1,500,60.62,60.16
36,1,500,84,84
36,1,500,84,84
36,1,500,84,84
37,1,500,84,84
37,1,500,84,84
37,1,500,84,84
38,1,500,76.37,78.64
38,1,500,75.28,75.28
38,1,500,76.5,76.44
39,1,500,84,84
39,1,500,84,84
39,1,500,84,84
40,1,500,84,84
40,1,500,68.7,76.81
40,1,500,84,84
41,1,500,32.12,32.12
41,1,500,32.2,32.2
41,1,500,36.49,36.49
42,1,500,40.6,41.13
42,1,500,38.62,39.98
42,1,500,43.13,45.68
43,1,500,73.96,80.22
43,1,500,76.18,78.29
43,1,500,76.25,77.22
44,1,500,79,79
44,1,500,80,80
44,1,500,78,78
45,1,500,84,84
45,1,500,82,82
45,1,500,84,84
46,1,500,84,84
46,1,500,84,84
46,1,500,84,84
47,1,500,84,84
47,1,500,84,84
47,1,500,84,84
48,1,500,76.38,78.64
48,1,500,81.58,81.1
48,1,500,84,84
49,1,500,84,84
49,1,500,84,84
49,1,500,84,84
50,1,500,54.9,54.84
50,1,500,53.72,54.6
50,1,500,37.64,49.1
1,2,0,84,84
1,2,0,84,84
1,2,0,84,84
2,2,0,84,84
2,2,0,84,84
2,2,0,84,84
3,2,0,84,84
3,2,0,84,84
3,2,0,84,84
4,2,0,84,84
4,2,0,84,84
4,2,0,84,84
5,2,0,84,84
5,2,0,84,84
5,2,0,84,84
6,2,0,84,84
6,2,0,84,84
6,2,0,84,84
7,2,0,84,84
7,2,0,84,84
7,2,0,84,84
8,2,0,84,84
8,2,0,84,84
8,2,0,84,84
9,2,0,84,84
9,2,0,84,84
9,2,0,84,84
10,2,0,84,84
10,2,0,84,84
10,2,0,84,84
11,2,0,84,84
11,2,0,84,84
11,2,0,84,84
12,2,0,84,84
12,2,0,84,84
12,2,0,84,84
13,2,0,84,84
13,2,0,84,84
13,2,0,84,84
14,2,0,84,84
14,2,0,84,84
14,2,0,84,84
15,2,0,84,84
15,2,0,84,84
15,2,0,84,84
16,2,0,84,84
16,2,0,84,84
16,2,0,84,84
17,2,0,84,84
17,2,0,84,84
17,2,0,84,84
18,2,0,84,84
18,2,0,84,84
18,2,0,84,84
19,2,0,84,84
19,2,0,84,84
19,2,0,84,84
20,2,0,84,84
20,2,0,84,84
20,2,0,84,84
21,2,0,84,84
21,2,0,84,84
21,2,0,84,84
22,2,0,84,84
22,2,0,84,84
22,2,0,84,84
23,2,0,84,84
23,2,0,84,84
23,2,0,84,84
24,2,0,84,84
24,2,0,84,84
24,2,0,84,84
25,2,0,84,84
25,2,0,84,84
25,2,0,84,84
26,2,0,84,84
26,2,0,84,84
26,2,0,84,84
27,2,0,84,84
27,2,0,84,84
27,2,0,84,84
28,2,0,84,84
28,2,0,84,84
28,2,0,84,84
29,2,0,84,84
29,2,0,84,84
29,2,0,84,84
30,2,0,84,84
30,2,0,84,84
30,2,0,84,84
31,2,0,84,84
31,2,0,84,84
31,2,0,84,84
32,2,0,84,84
32,2,0,84,84
32,2,0,84,84
33,2,0,84,84
33,2,0,84,84
33,2,0,84,84
34,2,0,84,84
34,2,0,84,84
34,2,0,84,84
35,2,0,66.81,66.81
35,2,0,67.27,69.42
35,2,0,69.6,69.6
36,2,0,84,84
36,2,0,84,84
36,2,0,84,84
37,2,0,84,84
37,2,0,84,84
37,2,0,84,84
38,2,0,84,84
38,2,0,84,84
38,2,0,84,84
39,2,0,84,84
39,2,0,84,84
39,2,0,84,84
40,2,0,84,84
40,2,0,84,84
40,2,0,84,84
41,2,0,48.67,48.15
41,2,0,55.9,57.59
41,2,0,66.59,55.42
42,2,0,60.23,63.51
42,2,0,56.2,59.12
42,2,0,57.07,59.67
43,2,0,84,84
43,2,0,84,84
43,2,0,84,84
44,2,0,84,84
44,2,0,84,84
44,2,0,84,84
45,2,0,84,84
45,2,0,84,84
45,2,0,84,84
46,2,0,84,84
46,2,0,84,84
46,2,0,84,84
47,2,0,84,84
47,2,0,84,84
47,2,0,84,84
48,2,0,84,84
48,2,0,84,84
48,2,0,84,84
49,2,0,84,84
49,2,0,84,84
49,2,0,84,84
50,2,0,84,80.57
50,2,0,84,80.57
50,2,0,82.14,80.87
1,2,1,84,84
1,2,1,84,84
1,2,1,84,84
2,2,1,84,84
2,2,1,84,84
2,2,1,84,84
3,2,1,84,84
3,2,1,84,84
3,2,1,84,84
4,2,1,84,84
4,2,1,84,84
4,2,1,84,84
5,2,1,84,84
5,2,1,84,84
5,2,1,84,84
6,2,1,84,84
6,2,1,84,84
6,2,1,84,84
7,2,1,84,84
7,2,1,84,84
7,2,1,84,84
8,2,1,84,84
8,2,1,84,84
8,2,1,84,84
9,2,1,84,84
9,2,1,84,84
9,2,1,84,84
10,2,1,84,84
10,2,1,84,84
10,2,1,84,84
11,2,1,84,84
11,2,1,84,84
11,2,1,84,84
12,2,1,84,84
12,2,1,84,84
12,2,1,84,84
13,2,1,84,84
13,2,1,84,84
13,2,1,84,84
14,2,1,84,84
14,2,1,84,84
14,2,1,84,84
15,2,1,84,84
15,2,1,84,84
15,2,1,84,84
16,2,1,84,84
16,2,1,84,84
16,2,1,84,84
17,2,1,84,84
17,2,1,84,84
17,2,1,84,84
18,2,1,84,84
18,2,1,84,84
18,2,1,84,84
19,2,1,84,84
19,2,1,84,84
19,2,1,84,84
20,2,1,84,84
20,2,1,84,84
20,2,1,84,84
21,2,1,84,84
21,2,1,84,84
21,2,1,84,84
22,2,1,84,84
22,2,1,84,84
22,2,1,84,84
23,2,1,84,84
23,2,1,84,84
23,2,1,84,84
24,2,1,84,84
24,2,1,84,84
24,2,1,84,84
25,2,1,84,84
25,2,1,84,84
25,2,1,84,84
26,2,1,84,84
26,2,1,84,84
26,2,1,84,84
27,2,1,84,84
27,2,1,84,84
27,2,1,84,84
28,2,1,84,84
28,2,1,84,84
28,2,1,84,84
29,2,1,84,84
29,2,1,84,84
29,2,1,84,84
30,2,1,84,84
30,2,1,84,84
30,2,1,84,84
31,2,1,82.27,81.27
31,2,1,79.58,73.8
31,2,1,80.93,78.3
32,2,1,84,84
32,2,1,84,84
32,2,1,84,84
33,2,1,84,84
33,2,1,84,84
33,2,1,84,84
34,2,1,84,84
34,2,1,84,84
34,2,1,84,84
35,2,1,62.96,61.68
35,2,1,60.05,60.92
35,2,1,57.42,56.41
36,2,1,84,84
36,2,1,84,84
36,2,1,84,84
37,2,1,84,84
37,2,1,84,84
37,2,1,84,84
38,2,1,84,84
38,2,1,84,84
38,2,1,84,84
39,2,1,84,84
39,2,1,84,84
39,2,1,84,84
40,2,1,84,84
40,2,1,84,84
40,2,1,84,84
41,2,1,39.13,40.86
41,2,1,45.79,45.29
41,2,1,38.1,40.29
42,2,1,51.77,51.03
42,2,1,50.14,50.82
42,2,1,54.32,54.3
43,2,1,84,84
43,2,1,84,84
43,2,1,84,84
44,2,1,84,84
44,2,1,84,84
44,2,1,84,84
45,2,1,84,84
45,2,1,84,84
45,2,1,84,84
46,2,1,84,84
46,2,1,84,84
46,2,1,84,84
47,2,1,84,84
47,2,1,84,84
47,2,1,84,84
48,2,1,84,84
48,2,1,84,84
48,2,1,84,84
49,2,1,84,84
49,2,1,84,84
49,2,1,84,84
50,2,1,68.16,70.7
50,2,1,66.56,69.44
50,2,1,77.75,68.86
1,2,5,84,84
1,2,5,84,84
1,2,5,84,84
2,2,5,84,84
2,2,5,84,84
2,2,5,84,84
3,2,5,84,84
3,2,5,84,84
3,2,5,84,84
4,2,5,84,84
4,2,5,84,84
4,2,5,84,84
5,2,5,84,84
5,2,5,84,84
5,2,5,84,84
6,2,5,84,84
6,2,5,84,84
6,2,5,84,84
7,2,5,84,84
7,2,5,84,84
7,2,5,84,84
8,2,5,84,84
8,2,5,84,84
8,2,5,84,84
9,2,5,84,84
9,2,5,84,84
9,2,5,84,84
10,2,5,84,84
10,2,5,84,84
10,2,5,84,84
11,2,5,84,84
11,2,5,84,84
11,2,5,84,84
12,2,5,84,84
12,2,5,74.6,84
12,2,5,75.83,84
13,2,5,84,84
13,2,5,84,84
13,2,5,84,84
14,2,5,84,84
14,2,5,84,84
14,2,5,84,84
15,2,5,84,84
15,2,5,84,84
15,2,5,84,84
16,2,5,84,84
16,2,5,84,84
16,2,5,84,84
17,2,5,84,84
17,2,5,84,84
17,2,5,84,84
18,2,5,84,84
18,2,5,84,84
18,2,5,84,84
19,2,5,84,84
19,2,5,84,84
19,2,5,84,84
20,2,5,84,84
20,2,5,84,84
20,2,5,84,84
21,2,5,84,84
21,2,5,84,84
21,2,5,84,84
22,2,5,84,84
22,2,5,84,84
22,2,5,84,84
23,2,5,84,84
23,2,5,84,84
23,2,5,84,84
24,2,5,84,84
24,2,5,84,84
24,2,5,84,84
25,2,5,84,84
25,2,5,84,84
25,2,5,84,84
26,2,5,84,84
26,2,5,84,84
26,2,5,84,84
27,2,5,84,84
27,2,5,84,84
27,2,5,84,84
28,2,5,84,84
28,2,5,84,84
28,2,5,84,84
29,2,5,84,84
29,2,5,84,84
29,2,5,84,84
30,2,5,84,84
30,2,5,84,84
30,2,5,84,84
31,2,5,73.76,71.71
31,2,5,77.17,76.12
31,2,5,74.46,66.45
32,2,5,84,84
32,2,5,84,84
32,2,5,84,84
33,2,5,84,84
33,2,5,84,84
33,2,5,84,84
34,2,5,84,84
34,2,5,84,84
34,2,5,84,84
35,2,5,56.42,58.11
35,2,5,60.58,60.67
35,2,5,56.02,56.23
36,2,5,84,84
36,2,5,84,84
36,2,5,84,84
37,2,5,84,84
37,2,5,84,84
37,2,5,84,84
38,2,5,84,84
38,2,5,84,84
38,2,5,84,84
39,2,5,84,84
39,2,5,84,84
39,2,5,84,84
40,2,5,84,84
40,2,5,84,84
40,2,5,84,84
41,2,5,40.14,40.14
41,2,5,40.8,40.8
41,2,5,40.97,40.97
42,2,5,43.73,44.53
42,2,5,48.72,49.46
42,2,5,49.77,42.77
43,2,5,84,84
43,2,5,84,84
43,2,5,84,84
44,2,5,84,84
44,2,5,84,84
44,2,5,84,84
45,2,5,84,84
45,2,5,84,84
45,2,5,84,84
46,2,5,84,84
46,2,5,84,84
46,2,5,84,84
47,2,5,84,84
47,2,5,84,84
47,2,5,84,84
48,2,5,84,84
48,2,5,84,84
48,2,5,84,84
49,2,5,84,84
49,2,5,84,84
49,2,5,84,84
50,2,5,64.85,64.36
50,2,5,65,65
50,2,5,65.26,68.48
1,2,10,84,84
1,2,10,84,84
1,2,10,84,84
2,2,10,84,84
2,2,10,84,84
2,2,10,84,84
3,2,10,84,84
3,2,10,84,84
3,2,10,84,84
4,2,10,84,84
4,2,10,84,84
4,2,10,84,84
5,2,10,61.89,61.89
5,2,10,69.32,69
5,2,10,65.06,65.85
6,2,10,84,84
6,2,10,84,84
6,2,10,84,84
7,2,10,84,84
7,2,10,84,84
7,2,10,84,84
8,2,10,84,84
8,2,10,84,84
8,2,10,84,84
9,2,10,84,84
9,2,10,84,84
9,2,10,84,84
10,2,10,84,84
10,2,10,84,84
10,2,10,84,84
11,2,10,84,84
11,2,10,84,84
11,2,10,84,84
12,2,10,84,84
12,2,10,77.24,79.09
12,2,10,77.25,79.09
13,2,10,84,84
13,2,10,84,84
13,2,10,84,84
14,2,10,84,84
14,2,10,84,84
14,2,10,84,84
15,2,10,84,84
15,2,10,84,84
15,2,10,84,84
16,2,10,84,84
16,2,10,84,84
16,2,10,84,84
17,2,10,84,84
17,2,10,84,84
17,2,10,84,84
18,2,10,84,84
18,2,10,84,84
18,2,10,84,84
19,2,10,84,84
19,2,10,84,84
19,2,10,84,84
20,2,10,84,84
20,2,10,84,84
20,2,10,84,84
21,2,10,84,84
21,2,10,84,84
21,2,10,84,84
22,2,10,84,84
22,2,10,84,84
22,2,10,84,84
23,2,10,84,84
23,2,10,84,84
23,2,10,84,84
24,2,10,84,84
24,2,10,84,84
24,2,10,84,84
25,2,10,84,84
25,2,10,84,84
25,2,10,84,84
26,2,10,84,84
26,2,10,84,84
26,2,10,84,84
27,2,10,84,84
27,2,10,84,84
27,2,10,84,84
28,2,10,84,84
28,2,10,84,84
28,2,10,84,84
29,2,10,84,84
29,2,10,84,84
29,2,10,84,84
30,2,10,84,84
30,2,10,84,84
30,2,10,84,84
31,2,10,70.01,71.53
31,2,10,51.86,61
31,2,10,57.82,60.47
32,2,10,84,84
32,2,10,84,84
32,2,10,84,84
33,2,10,84,84
33,2,10,84,84
33,2,10,84,84
34,2,10,84,84
34,2,10,84,84
34,2,10,84,84
35,2,10,58.59,56.78
35,2,10,53.22,60.45
35,2,10,49.3,56.7
36,2,10,84,84
36,2,10,84,84
36,2,10,84,84
37,2,10,84,84
37,2,10,84,84
37,2,10,84,84
38,2,10,84,84
38,2,10,84,84
38,2,10,84,84
39,2,10,84,84
39,2,10,84,84
39,2,10,84,84
40,2,10,84,84
40,2,10,84,84
40,2,10,84,84
41,2,10,36.11,37.55
41,2,10,36.63,36.63
41,2,10,37.83,38.81
42,2,10,49.07,50.88
42,2,10,45.35,42.27
42,2,10,49.5,46.86
43,2,10,84,84
43,2,10,84,84
43,2,10,84,84
44,2,10,84,84
44,2,10,84,84
44,2,10,84,84
45,2,10,84,84
45,2,10,84,84
45,2,10,84,84
46,2,10,84,84
46,2,10,84,84
46,2,10,84,84
47,2,10,84,84
47,2,10,84,84
47,2,10,84,84
48,2,10,84,84
48,2,10,84,84
48,2,10,84,84
49,2,10,84,84
49,2,10,84,84
49,2,10,84,84
50,2,10,65.47,65.73
50,2,10,65.71,65.34
50,2,10,65.11,65.53
1,2,50,84,84
1,2,50,84,84
1,2,50,84,84
2,2,50,84,84
2,2,50,84,84
2,2,50,84,84
3,2,50,84,84
3,2,50,84,84
3,2,50,84,84
4,2,50,84,84
4,2,50,84,84
4,2,50,84,84
5,2,50,58.69,58.69
5,2,50,54.02,60.59
5,2,50,54.28,54.8
6,2,50,84,84
6,2,50,84,84
6,2,50,84,84
7,2,50,84,84
7,2,50,84,84
7,2,50,84,84
8,2,50,84,84
8,2,50,84,84
8,2,50,84,84
9,2,50,84,84
9,2,50,84,84
9,2,50,84,84
10,2,50,84,84
10,2,50,84,84
10,2,50,84,84
11,2,50,84,84
11,2,50,84,84
11,2,50,84,84
12,2,50,74.35,71.28
12,2,50,74.19,72.87
12,2,50,69.3,70.19
13,2,50,84,84
13,2,50,84,84
13,2,50,84,84
14,2,50,84,84
14,2,50,84,84
14,2,50,84,84
15,2,50,84,84
15,2,50,84,84
15,2,50,84,84
16,2,50,84,84
16,2,50,84,84
16,2,50,84,84
17,2,50,84,84
17,2,50,84,84
17,2,50,84,84
18,2,50,84,84
18,2,50,84,84
18,2,50,84,84
19,2,50,84,84
19,2,50,84,84
19,2,50,84,84
20,2,50,84,84
20,2,50,84,84
20,2,50,84,84
21,2,50,84,84
21,2,50,84,84
21,2,50,84,84
22,2,50,84,84
22,2,50,84,84
22,2,50,84,84
23,2,50,84,84
23,2,50,84,84
23,2,50,84,84
24,2,50,84,84
24,2,50,84,84
24,2,50,84,84
25,2,50,84,84
25,2,50,84,84
25,2,50,84,84
26,2,50,84,84
26,2,50,84,84
26,2,50,84,84
27,2,50,84,84
27,2,50,84,84
27,2,50,84,84
28,2,50,84,84
28,2,50,84,84
28,2,50,84,84
29,2,50,84,84
29,2,50,84,84
29,2,50,84,84
30,2,50,84,84
30,2,50,84,84
30,2,50,84,84
31,2,50,44.79,44.79
31,2,50,49.74,48.18
31,2,50,40.74,40.74
32,2,50,84,84
32,2,50,84,84
32,2,50,84,84
33,2,50,84,84
33,2,50,84,84
33,2,50,84,84
34,2,50,84,84
34,2,50,84,84
34,2,50,84,84
35,2,50,47.96,47.96
35,2,50,50.86,50.01
35,2,50,49.04,49.04
36,2,50,84,84
36,2,50,84,84
36,2,50,84,84
37,2,50,84,84
37,2,50,84,84
37,2,50,84,84
38,2,50,84,84
38,2,50,84,84
38,2,50,84,84
39,2,50,84,84
39,2,50,84,84
39,2,50,84,84
40,2,50,84,84
40,2,50,84,84
40,2,50,84,84
41,2,50,35.73,38.06
41,2,50,35.73,35.73
41,2,50,34.59,34.59
42,2,50,44.37,45.69
42,2,50,48.26,49.35
42,2,50,45.68,46.31
43,2,50,84,84
43,2,50,84,84
43,2,50,84,84
44,2,50,84,84
44,2,50,84,84
44,2,50,84,84
45,2,50,84,84
45,2,50,84,84
45,2,50,84,84
46,2,50,84,84
46,2,50,84,84
46,2,50,84,84
47,2,50,84,84
47,2,50,84,84
47,2,50,84,84
48,2,50,84,84
48,2,50,84,84
48,2,50,84,84
49,2,50,84,84
49,2,50,84,84
49,2,50,84,84
50,2,50,57.65,62.96
50,2,50,45.24,45.31
50,2,50,48.1,51.34
1,2,100,84,84
1,2,100,84,84
1,2,100,84,84
2,2,100,84,84
2,2,100,84,84
2,2,100,84,84
3,2,100,84,84
3,2,100,84,84
3,2,100,84,84
4,2,100,84,84
4,2,100,84,84
4,2,100,84,84
5,2,100,45.45,46.24
5,2,100,55.1,51.19
5,2,100,47.83,46.88
6,2,100,84,84
6,2,100,84,84
6,2,100,84,84
7,2,100,79.68,80.68
7,2,100,84.57,80.24
7,2,100,84,84
8,2,100,84,84
8,2,100,84,84
8,2,100,84,84
9,2,100,84,84
9,2,100,84,84
9,2,100,84,84
10,2,100,84,84
10,2,100,84,84
10,2,100,84,84
11,2,100,84,84
11,2,100,84,84
11,2,100,84,84
12,2,100,69.57,69.67
12,2,100,74.09,73.14
12,2,100,67.22,67.01
13,2,100,84,84
13,2,100,84,84
13,2,100,84,84
14,2,100,84,84
14,2,100,84,84
14,2,100,84,84
15,2,100,84,84
15,2,100,84,84
15,2,100,84,84
16,2,100,84,84
16,2,100,84,84
16,2,100,84,84
17,2,100,84,84
17,2,100,84,84
17,2,100,84,84
18,2,100,84,84
18,2,100,84,84
18,2,100,84,84
19,2,100,84,84
19,2,100,84,84
19,2,100,84,84
20,2,100,84,84
20,2,100,84,84
20,2,100,84,84
21,2,100,84,84
21,2,100,84,84
21,2,100,84,84
22,2,100,84,84
22,2,100,84,84
22,2,100,84,84
23,2,100,84,84
23,2,100,84,84
23,2,100,84,84
24,2,100,84,84
24,2,100,84,84
24,2,100,84,84
25,2,100,84,84
25,2,100,84,84
25,2,100,84,84
26,2,100,84,84
26,2,100,84,84
26,2,100,84,84
27,2,100,84,84
27,2,100,84,84
27,2,100,84,84
28,2,100,84,84
28,2,100,84,84
28,2,100,84,84
29,2,100,84,84
29,2,100,84,84
29,2,100,84,84
30,2,100,84,84
30,2,100,84,84
30,2,100,84,84
31,2,100,38.38,40.95
31,2,100,48.69,47.88
31,2,100,39.32,39.09
32,2,100,84,84
32,2,100,84,84
32,2,100,84,84
33,2,100,84,84
33,2,100,84,84
33,2,100,84,84
34,2,100,84,84
34,2,100,84,84
34,2,100,84,84
35,2,100,46.63,46.63
35,2,100,48.08,48.36
35,2,100,47.63,47.63
36,2,100,84,84
36,2,100,84,84
36,2,100,84,84
37,2,100,84,84
37,2,100,84,84
37,2,100,84,84
38,2,100,84,84
38,2,100,84,84
38,2,100,84,84
39,2,100,84,84
39,2,100,84,84
39,2,100,84,84
40,2,100,84,84
40,2,100,84,84
40,2,100,84,84
41,2,100,34.43,34.95
41,2,100,34.94,34.28
41,2,100,34.56,29.39
42,2,100,43.6,45.94
42,2,100,46.3,47.93
42,2,100,43.83,45.92
43,2,100,84,84
43,2,100,84,84
43,2,100,84,84
44,2,100,84,84
44,2,100,84,84
44,2,100,84,84
45,2,100,84,84
45,2,100,84,84
45,2,100,84,84
46,2,100,84,84
46,2,100,84,84
46,2,100,84,84
47,2,100,84,84
47,2,100,84,84
47,2,100,84,84
48,2,100,84,84
48,2,100,84,84
48,2,100,84,84
49,2,100,84,84
49,2,100,84,84
49,2,100,84,84
50,2,100,51.94,56.93
50,2,100,45.93,46.92
50,2,100,47.84,49.82
1,2,500,84,84
1,2,500,83.83,84
1,2,500,83.09,84
2,2,500,84,84
2,2,500,84,84
2,2,500,84,84
3,2,500,84,79.29
3,2,500,82,82
3,2,500,79.81,76.82
4,2,500,78.84,78.84
4,2,500,77.48,77.3
4,2,500,76.83,75.18
5,2,500,41.83,41.29
5,2,500,54.89,49.29
5,2,500,45.09,45.19
6,2,500,84,84
6,2,500,84,84
6,2,500,84,84
7,2,500,76.28,76.12
7,2,500,78.38,78.94
7,2,500,75.28,73.92
8,2,500,76.83,78.92
8,2,500,79.83,75.83
8,2,500,74.83,74.92
9,2,500,75.83,74.92
9,2,500,77.84,77.84
9,2,500,84,79.91
10,2,500,84,84
10,2,500,79,79
10,2,500,77.94,77.94
11,2,500,78.84,76.83
11,2,500,76.83,84
11,2,500,84,82.29
12,2,500,62.89,62.28
12,2,500,66.92,66.28
12,2,500,58.39,57.11
13,2,500,79.19,79.93
13,2,500,78.48,77.22
13,2,500,77.39,77.39
14,2,500,84,84
14,2,500,78.39,78.94
14,2,500,84,84
15,2,500,84,84
15,2,500,84,84
15,2,500,77.84,76.2
16,2,500,84,84
16,2,500,84,84
16,2,500,84,84
17,2,500,84,84
17,2,500,84,84
17,2,500,84,84
18,2,500,76.22,77.38
18,2,500,68.22,75.22
18,2,500,61.89,61.83
19,2,500,84,84
19,2,500,84,84
19,2,500,84,84
20,2,500,76.3,76.82
20,2,500,76.83,75.82
20,2,500,84,84
21,2,500,84,84
21,2,500,84,84
21,2,500,84,84
22,2,500,84,84
22,2,500,84,84
22,2,500,84,84
23,2,500,84,84
23,2,500,84,84
23,2,500,84,84
24,2,500,81.93,84
24,2,500,84,84
24,2,500,84,84
25,2,500,71.23,71.9
25,2,500,72.93,71.83
25,2,500,71.83,71.82
26,2,500,84,84
26,2,500,84,84
26,2,500,84,84
27,2,500,84,84
27,2,500,84,84
27,2,500,84,84
28,2,500,76.51,76.51
28,2,500,77.17,77.2
28,2,500,76.6,78.66
29,2,500,84,84
29,2,500,84,84
29,2,500,84,84
30,2,500,84,84
30,2,500,84,84
30,2,500,84,84
31,2,500,35.94,35.84
31,2,500,30.82,31.38
31,2,500,36.82,36.83
32,2,500,84,84
32,2,500,84,84
32,2,500,84,84
33,2,500,73.87,73.92
33,2,500,76.73,76.83
33,2,500,77.3,84
34,2,500,73.83,70.94
34,2,500,65.99,65.16
34,2,500,61.93,66.92
35,2,500,45.93,42.83
35,2,500,41.92,39.33
35,2,500,43.77,44.92
36,2,500,84,84
36,2,500,84,84
36,2,500,84,84
37,2,500,84,84
37,2,500,84,84
37,2,500,84,84
38,2,500,77.84,84
38,2,500,76.82,74.88
38,2,500,77.83,75.93
39,2,500,84,84
39,2,500,84,84
39,2,500,84,84
40,2,500,84,84
40,2,500,79.82,84
40,2,500,84,84
41,2,500,31.84,31.94
41,2,500,33.84,33.11
41,2,500,35.88,30.43
42,2,500,39.92,39.95
42,2,500,37.39,37.23
42,2,500,42.48,42.66
43,2,500,74.93,76.34
43,2,500,75.33,75.92
43,2,500,76.82,77.22
44,2,500,77.38,77.39
44,2,500,81.39,81.1
44,2,500,77.39,77.29
45,2,500,84,84
45,2,500,84,84
45,2,500,84,84
46,2,500,84,84
46,2,500,84,84
46,2,500,84,84
47,2,500,84,84
47,2,500,84,84
47,2,500,84,84
48,2,500,77.33,77.22
48,2,500,79.48,79.29
48,2,500,84,84
49,2,500,84,84
49,2,500,84,84
49,2,500,84,84
50,2,500,46.9,46.42
50,2,500,40.39,40.29
50,2,500,43.29,43.19